,Frame_Id,Sedan_Count_Predicted,SUV_Count_Predicted,Car_Count_Predicted,Sedan,SUV,Total,Sedan_Count_Difference,SUV_Count_Difference,Car_Count_Difference,F1_Score_Q1,true_positives,false_positives,false_negatives,Precision,Recall,F1_Score_Q2
0,1,3,0,3,2,1,3,-1,1,0,1.0,0,0.0,1.0,,0.0,
1,2,3,0,3,2,1,3,-1,1,0,1.0,0,0.0,1.0,,0.0,
2,3,2,1,3,2,1,3,0,0,0,1.0,1,0.0,0.0,1.0,1.0,1.0
3,4,3,0,3,2,1,3,-1,1,0,1.0,0,0.0,1.0,,0.0,
4,5,3,0,3,2,1,3,-1,1,0,1.0,0,0.0,1.0,,0.0,
5,6,3,0,3,2,1,3,-1,1,0,1.0,0,0.0,1.0,,0.0,
6,7,3,0,3,2,1,3,-1,1,0,1.0,0,0.0,1.0,,0.0,
7,8,3,0,3,2,1,3,-1,1,0,1.0,0,0.0,1.0,,0.0,
8,9,2,1,3,2,1,3,0,0,0,1.0,1,0.0,0.0,1.0,1.0,1.0
9,10,3,0,3,2,1,3,-1,1,0,1.0,0,0.0,1.0,,0.0,
10,11,1,2,3,2,1,3,1,-1,0,1.0,1,1.0,0.0,0.5,1.0,0.6666666666666666
11,12,3,0,3,2,1,3,-1,1,0,1.0,0,0.0,1.0,,0.0,
12,13,4,0,4,2,1,3,-2,1,-1,1.0,0,0.0,0.0,,,
13,14,3,1,4,2,1,3,-1,0,-1,1.0,1,0.0,0.0,1.0,1.0,1.0
14,15,3,0,3,2,1,3,-1,1,0,1.0,0,0.0,1.0,,0.0,
15,16,4,0,4,2,1,3,-2,1,-1,1.0,0,0.0,0.0,,,
16,17,3,0,3,2,1,3,-1,1,0,1.0,0,0.0,1.0,,0.0,
17,18,3,0,3,2,1,3,-1,1,0,1.0,0,0.0,1.0,,0.0,
18,19,3,0,3,2,1,3,-1,1,0,1.0,0,0.0,1.0,,0.0,
19,20,3,0,3,2,1,3,-1,1,0,1.0,0,0.0,1.0,,0.0,
20,21,3,0,3,2,1,3,-1,1,0,1.0,0,0.0,1.0,,0.0,
21,22,3,0,3,2,1,3,-1,1,0,1.0,0,0.0,1.0,,0.0,
22,23,3,0,3,2,1,3,-1,1,0,1.0,0,0.0,1.0,,0.0,
23,24,3,0,3,2,1,3,-1,1,0,1.0,0,0.0,1.0,,0.0,
24,25,3,0,3,2,1,3,-1,1,0,1.0,0,0.0,1.0,,0.0,
25,26,3,0,3,2,1,3,-1,1,0,1.0,0,0.0,1.0,,0.0,
26,27,4,0,4,2,1,3,-2,1,-1,1.0,0,0.0,0.0,,,
27,28,4,0,4,2,1,3,-2,1,-1,1.0,0,0.0,0.0,,,
28,29,3,0,3,2,1,3,-1,1,0,1.0,0,0.0,1.0,,0.0,
29,30,3,0,3,2,1,3,-1,1,0,1.0,0,0.0,1.0,,0.0,
30,31,3,0,3,2,1,3,-1,1,0,1.0,0,0.0,1.0,,0.0,
31,32,3,0,3,2,1,3,-1,1,0,1.0,0,0.0,1.0,,0.0,
32,33,2,1,3,2,1,3,0,0,0,1.0,1,0.0,0.0,1.0,1.0,1.0
33,34,3,0,3,2,1,3,-1,1,0,1.0,0,0.0,1.0,,0.0,
34,35,3,0,3,2,1,3,-1,1,0,1.0,0,0.0,1.0,,0.0,
35,36,3,0,3,2,1,3,-1,1,0,1.0,0,0.0,1.0,,0.0,
36,37,2,0,2,2,1,3,0,1,1,0.8,0,0.0,0.0,,,
37,38,3,0,3,2,1,3,-1,1,0,1.0,0,0.0,1.0,,0.0,
38,39,3,0,3,2,1,3,-1,1,0,1.0,0,0.0,1.0,,0.0,
39,40,3,0,3,2,1,3,-1,1,0,1.0,0,0.0,1.0,,0.0,
40,41,3,0,3,2,1,3,-1,1,0,1.0,0,0.0,1.0,,0.0,
41,42,2,0,2,2,1,3,0,1,1,0.8,0,0.0,0.0,,,
42,43,3,0,3,2,1,3,-1,1,0,1.0,0,0.0,1.0,,0.0,
43,44,3,0,3,2,1,3,-1,1,0,1.0,0,0.0,1.0,,0.0,
44,45,2,0,2,2,1,3,0,1,1,0.8,0,0.0,0.0,,,
45,46,2,1,3,2,1,3,0,0,0,1.0,1,0.0,0.0,1.0,1.0,1.0
46,47,3,1,4,2,1,3,-1,0,-1,1.0,1,0.0,0.0,1.0,1.0,1.0
47,48,1,1,2,2,1,3,1,0,1,0.8,1,0.0,0.0,1.0,1.0,1.0
48,49,1,1,2,2,1,3,1,0,1,0.8,1,0.0,0.0,1.0,1.0,1.0
49,50,2,0,2,2,1,3,0,1,1,0.8,0,0.0,0.0,,,
50,51,2,0,2,2,0,2,0,0,0,1.0,0,0.0,0.0,,,
51,52,2,0,2,2,0,2,0,0,0,1.0,0,0.0,0.0,,,
52,53,2,0,2,2,0,2,0,0,0,1.0,0,0.0,0.0,,,
53,54,2,0,2,2,0,2,0,0,0,1.0,0,0.0,0.0,,,
54,55,3,0,3,2,0,2,-1,0,-1,1.0,0,0.0,0.0,,,
55,56,3,0,3,2,0,2,-1,0,-1,1.0,0,0.0,0.0,,,
56,57,3,0,3,1,0,1,-2,0,-2,1.0,0,0.0,0.0,,,
57,58,3,0,3,1,0,1,-2,0,-2,1.0,0,0.0,0.0,,,
58,59,3,0,3,1,0,1,-2,0,-2,1.0,0,0.0,0.0,,,
59,60,3,0,3,1,0,1,-2,0,-2,1.0,0,0.0,0.0,,,
60,61,3,0,3,1,0,1,-2,0,-2,1.0,0,0.0,0.0,,,
61,62,3,0,3,1,0,1,-2,0,-2,1.0,0,0.0,0.0,,,
62,63,2,0,2,1,0,1,-1,0,-1,1.0,0,0.0,0.0,,,
63,64,2,0,2,1,0,1,-1,0,-1,1.0,0,0.0,0.0,,,
64,65,2,0,2,1,0,1,-1,0,-1,1.0,0,0.0,0.0,,,
65,66,2,0,2,1,0,1,-1,0,-1,1.0,0,0.0,0.0,,,
66,67,2,0,2,1,0,1,-1,0,-1,1.0,0,0.0,0.0,,,
67,68,1,1,2,1,0,1,0,-1,-1,1.0,0,0.0,0.0,,,
68,69,2,0,2,1,0,1,-1,0,-1,1.0,0,0.0,0.0,,,
69,70,1,1,2,1,0,1,0,-1,-1,1.0,0,0.0,0.0,,,
70,71,0,2,2,1,0,1,1,-2,-1,1.0,0,0.0,0.0,,,
71,72,2,0,2,1,0,1,-1,0,-1,1.0,0,0.0,0.0,,,
72,73,1,1,2,1,0,1,0,-1,-1,1.0,0,0.0,0.0,,,
73,74,0,0,0,1,0,1,1,0,1,0.0,0,0.0,0.0,,,
74,75,0,0,0,1,0,1,1,0,1,0.0,0,0.0,0.0,,,
75,76,1,0,1,1,0,1,0,0,0,1.0,0,0.0,0.0,,,
76,77,0,0,0,1,0,1,1,0,1,0.0,0,0.0,0.0,,,
77,78,0,0,0,1,0,1,1,0,1,0.0,0,0.0,0.0,,,
78,79,0,0,0,1,0,1,1,0,1,0.0,0,0.0,0.0,,,
79,80,0,0,0,1,0,1,1,0,1,0.0,0,0.0,0.0,,,
80,81,0,0,0,1,0,1,1,0,1,0.0,0,0.0,0.0,,,
81,82,1,0,1,1,0,1,0,0,0,1.0,0,0.0,0.0,,,
82,83,0,0,0,1,0,1,1,0,1,0.0,0,0.0,0.0,,,
83,84,0,0,0,1,0,1,1,0,1,0.0,0,0.0,0.0,,,
84,85,1,0,1,1,0,1,0,0,0,1.0,0,0.0,0.0,,,
85,86,0,0,0,1,0,1,1,0,1,0.0,0,0.0,0.0,,,
86,87,0,0,0,1,0,1,1,0,1,0.0,0,0.0,0.0,,,
87,88,0,0,0,1,0,1,1,0,1,0.0,0,0.0,0.0,,,
88,89,0,0,0,1,0,1,1,0,1,0.0,0,0.0,0.0,,,
89,90,0,1,1,1,0,1,1,-1,0,1.0,0,1.0,0.0,0.0,,
90,91,0,1,1,1,0,1,1,-1,0,1.0,0,1.0,0.0,0.0,,
91,92,0,1,1,1,0,1,1,-1,0,1.0,0,1.0,0.0,0.0,,
92,93,1,0,1,1,0,1,0,0,0,1.0,0,0.0,0.0,,,
93,94,1,0,1,1,0,1,0,0,0,1.0,0,0.0,0.0,,,
94,95,1,0,1,1,0,1,0,0,0,1.0,0,0.0,0.0,,,
95,96,0,0,0,1,0,1,1,0,1,0.0,0,0.0,0.0,,,
96,97,0,1,1,1,0,1,1,-1,0,1.0,0,1.0,0.0,0.0,,
97,98,0,0,0,1,0,1,1,0,1,0.0,0,0.0,0.0,,,
98,99,1,0,1,1,0,1,0,0,0,1.0,0,0.0,0.0,,,
99,100,0,0,0,1,0,1,1,0,1,0.0,0,0.0,0.0,,,
100,101,0,1,1,1,0,1,1,-1,0,1.0,0,1.0,0.0,0.0,,
101,102,0,1,1,1,0,1,1,-1,0,1.0,0,1.0,0.0,0.0,,
102,103,0,1,1,1,0,1,1,-1,0,1.0,0,1.0,0.0,0.0,,
103,104,0,1,1,1,0,1,1,-1,0,1.0,0,1.0,0.0,0.0,,
104,105,0,1,1,1,0,1,1,-1,0,1.0,0,1.0,0.0,0.0,,
105,106,0,1,1,1,0,1,1,-1,0,1.0,0,1.0,0.0,0.0,,
106,107,0,0,0,1,0,1,1,0,1,0.0,0,0.0,0.0,,,
107,108,0,0,0,1,0,1,1,0,1,0.0,0,0.0,0.0,,,
108,109,0,1,1,1,0,1,1,-1,0,1.0,0,1.0,0.0,0.0,,
109,110,1,1,2,1,0,1,0,-1,-1,1.0,0,0.0,0.0,,,
110,111,1,0,1,1,0,1,0,0,0,1.0,0,0.0,0.0,,,
111,112,1,0,1,1,0,1,0,0,0,1.0,0,0.0,0.0,,,
112,113,1,0,1,1,0,1,0,0,0,1.0,0,0.0,0.0,,,
113,114,1,0,1,1,0,1,0,0,0,1.0,0,0.0,0.0,,,
114,115,1,0,1,1,0,1,0,0,0,1.0,0,0.0,0.0,,,
115,116,1,0,1,1,0,1,0,0,0,1.0,0,0.0,0.0,,,
116,117,1,0,1,1,0,1,0,0,0,1.0,0,0.0,0.0,,,
117,118,1,0,1,1,0,1,0,0,0,1.0,0,0.0,0.0,,,
118,119,1,0,1,1,0,1,0,0,0,1.0,0,0.0,0.0,,,
119,120,2,0,2,1,1,2,-1,1,0,1.0,0,0.0,1.0,,0.0,
120,121,1,0,1,1,1,2,0,1,1,0.6666666666666666,0,0.0,0.0,,,
121,122,1,0,1,1,1,2,0,1,1,0.6666666666666666,0,0.0,0.0,,,
122,123,1,0,1,1,1,2,0,1,1,0.6666666666666666,0,0.0,0.0,,,
123,124,0,0,0,1,1,2,1,1,2,0.0,0,-1.0,-1.0,-0.0,-0.0,
124,125,0,0,0,1,1,2,1,1,2,0.0,0,-1.0,-1.0,-0.0,-0.0,
125,126,0,0,0,1,1,2,1,1,2,0.0,0,-1.0,-1.0,-0.0,-0.0,
126,127,0,0,0,1,1,2,1,1,2,0.0,0,-1.0,-1.0,-0.0,-0.0,
127,128,1,1,2,1,1,2,0,0,0,1.0,1,0.0,0.0,1.0,1.0,1.0
128,129,1,1,2,1,1,2,0,0,0,1.0,1,0.0,0.0,1.0,1.0,1.0
129,130,1,1,2,1,1,2,0,0,0,1.0,1,0.0,0.0,1.0,1.0,1.0
130,131,1,1,2,1,1,2,0,0,0,1.0,1,0.0,0.0,1.0,1.0,1.0
131,132,1,1,2,1,1,2,0,0,0,1.0,1,0.0,0.0,1.0,1.0,1.0
132,133,1,1,2,1,1,2,0,0,0,1.0,1,0.0,0.0,1.0,1.0,1.0
133,134,1,1,2,1,1,2,0,0,0,1.0,1,0.0,0.0,1.0,1.0,1.0
134,135,0,1,1,1,1,2,1,0,1,0.6666666666666666,1,0.0,0.0,1.0,1.0,1.0
135,136,1,1,2,1,1,2,0,0,0,1.0,1,0.0,0.0,1.0,1.0,1.0
136,137,1,1,2,1,1,2,0,0,0,1.0,1,0.0,0.0,1.0,1.0,1.0
137,138,1,1,2,1,1,2,0,0,0,1.0,1,0.0,0.0,1.0,1.0,1.0
138,139,1,1,2,1,1,2,0,0,0,1.0,1,0.0,0.0,1.0,1.0,1.0
139,140,1,1,2,1,1,2,0,0,0,1.0,1,0.0,0.0,1.0,1.0,1.0
140,141,1,1,2,1,1,2,0,0,0,1.0,1,0.0,0.0,1.0,1.0,1.0
141,142,1,1,2,1,1,2,0,0,0,1.0,1,0.0,0.0,1.0,1.0,1.0
142,143,1,1,2,1,1,2,0,0,0,1.0,1,0.0,0.0,1.0,1.0,1.0
143,144,1,1,2,1,1,2,0,0,0,1.0,1,0.0,0.0,1.0,1.0,1.0
144,145,1,1,2,1,1,2,0,0,0,1.0,1,0.0,0.0,1.0,1.0,1.0
145,146,1,1,2,1,1,2,0,0,0,1.0,1,0.0,0.0,1.0,1.0,1.0
146,147,1,1,2,1,1,2,0,0,0,1.0,1,0.0,0.0,1.0,1.0,1.0
147,148,1,1,2,1,1,2,0,0,0,1.0,1,0.0,0.0,1.0,1.0,1.0
148,149,1,1,2,1,1,2,0,0,0,1.0,1,0.0,0.0,1.0,1.0,1.0
149,150,1,1,2,1,1,2,0,0,0,1.0,1,0.0,0.0,1.0,1.0,1.0
150,151,1,1,2,1,1,2,0,0,0,1.0,1,0.0,0.0,1.0,1.0,1.0
151,152,1,1,2,1,1,2,0,0,0,1.0,1,0.0,0.0,1.0,1.0,1.0
152,153,1,1,2,1,1,2,0,0,0,1.0,1,0.0,0.0,1.0,1.0,1.0
153,154,1,1,2,1,1,2,0,0,0,1.0,1,0.0,0.0,1.0,1.0,1.0
154,155,1,1,2,1,1,2,0,0,0,1.0,1,0.0,0.0,1.0,1.0,1.0
155,156,2,1,3,1,1,2,-1,0,-1,1.0,1,0.0,0.0,1.0,1.0,1.0
156,157,2,1,3,1,1,2,-1,0,-1,1.0,1,0.0,0.0,1.0,1.0,1.0
157,158,0,1,1,1,1,2,1,0,1,0.6666666666666666,1,0.0,0.0,1.0,1.0,1.0
158,159,0,1,1,1,1,2,1,0,1,0.6666666666666666,1,0.0,0.0,1.0,1.0,1.0
159,160,0,1,1,1,2,3,1,1,2,0.5,1,-1.0,-1.0,inf,inf,
160,161,0,1,1,1,2,3,1,1,2,0.5,1,-1.0,-1.0,inf,inf,
161,162,1,1,2,1,2,3,0,1,1,0.8,1,0.0,0.0,1.0,1.0,1.0
162,163,1,1,2,1,2,3,0,1,1,0.8,1,0.0,0.0,1.0,1.0,1.0
163,164,1,1,2,1,2,3,0,1,1,0.8,1,0.0,0.0,1.0,1.0,1.0
164,165,1,1,2,1,2,3,0,1,1,0.8,1,0.0,0.0,1.0,1.0,1.0
165,166,1,1,2,1,2,3,0,1,1,0.8,1,0.0,0.0,1.0,1.0,1.0
166,167,1,1,2,1,2,3,0,1,1,0.8,1,0.0,0.0,1.0,1.0,1.0
167,168,1,1,2,1,2,3,0,1,1,0.8,1,0.0,0.0,1.0,1.0,1.0
168,169,1,1,2,1,2,3,0,1,1,0.8,1,0.0,0.0,1.0,1.0,1.0
169,170,1,1,2,1,2,3,0,1,1,0.8,1,0.0,0.0,1.0,1.0,1.0
170,171,1,1,2,1,2,3,0,1,1,0.8,1,0.0,0.0,1.0,1.0,1.0
171,172,1,1,2,1,2,3,0,1,1,0.8,1,0.0,0.0,1.0,1.0,1.0
172,173,2,1,3,1,2,3,-1,1,0,1.0,1,0.0,1.0,1.0,0.5,0.6666666666666666
173,174,1,2,3,1,2,3,0,0,0,1.0,2,0.0,0.0,1.0,1.0,1.0
174,175,1,1,2,1,2,3,0,1,1,0.8,1,0.0,0.0,1.0,1.0,1.0
175,176,1,1,2,1,2,3,0,1,1,0.8,1,0.0,0.0,1.0,1.0,1.0
176,177,1,1,2,1,2,3,0,1,1,0.8,1,0.0,0.0,1.0,1.0,1.0
177,178,1,1,2,1,2,3,0,1,1,0.8,1,0.0,0.0,1.0,1.0,1.0
178,179,1,1,2,1,2,3,0,1,1,0.8,1,0.0,0.0,1.0,1.0,1.0
179,180,1,1,2,1,2,3,0,1,1,0.8,1,0.0,0.0,1.0,1.0,1.0
180,181,1,1,2,1,2,3,0,1,1,0.8,1,0.0,0.0,1.0,1.0,1.0
181,182,1,1,2,1,2,3,0,1,1,0.8,1,0.0,0.0,1.0,1.0,1.0
182,183,1,1,2,1,2,3,0,1,1,0.8,1,0.0,0.0,1.0,1.0,1.0
183,184,2,1,3,1,2,3,-1,1,0,1.0,1,0.0,1.0,1.0,0.5,0.6666666666666666
184,185,2,0,2,1,2,3,-1,2,1,0.8,0,0.0,1.0,,0.0,
185,186,1,1,2,1,2,3,0,1,1,0.8,1,0.0,0.0,1.0,1.0,1.0
186,187,1,1,2,1,2,3,0,1,1,0.8,1,0.0,0.0,1.0,1.0,1.0
187,188,2,0,2,1,2,3,-1,2,1,0.8,0,0.0,1.0,,0.0,
188,189,2,0,2,1,2,3,-1,2,1,0.8,0,0.0,1.0,,0.0,
189,190,2,0,2,1,2,3,-1,2,1,0.8,0,0.0,1.0,,0.0,
190,191,2,0,2,1,2,3,-1,2,1,0.8,0,0.0,1.0,,0.0,
191,192,2,0,2,1,2,3,-1,2,1,0.8,0,0.0,1.0,,0.0,
192,193,1,1,2,1,2,3,0,1,1,0.8,1,0.0,0.0,1.0,1.0,1.0
193,194,2,0,2,1,2,3,-1,2,1,0.8,0,0.0,1.0,,0.0,
194,195,2,0,2,2,2,4,0,2,2,0.6666666666666666,0,0.0,0.0,,,
195,196,2,0,2,2,2,4,0,2,2,0.6666666666666666,0,0.0,0.0,,,
196,197,2,0,2,2,2,4,0,2,2,0.6666666666666666,0,0.0,0.0,,,
197,198,2,0,2,2,2,4,0,2,2,0.6666666666666666,0,0.0,0.0,,,
198,199,2,0,2,2,2,4,0,2,2,0.6666666666666666,0,0.0,0.0,,,
199,200,1,1,2,2,2,4,1,1,2,0.6666666666666666,1,-1.0,-1.0,inf,inf,
200,201,1,1,2,2,2,4,1,1,2,0.6666666666666666,1,-1.0,-1.0,inf,inf,
201,202,1,1,2,2,2,4,1,1,2,0.6666666666666666,1,-1.0,-1.0,inf,inf,
202,203,1,1,2,2,2,4,1,1,2,0.6666666666666666,1,-1.0,-1.0,inf,inf,
203,204,1,1,2,2,2,4,1,1,2,0.6666666666666666,1,-1.0,-1.0,inf,inf,
204,205,1,1,2,2,2,4,1,1,2,0.6666666666666666,1,-1.0,-1.0,inf,inf,
205,206,2,0,2,2,2,4,0,2,2,0.6666666666666666,0,0.0,0.0,,,
206,207,1,1,2,2,2,4,1,1,2,0.6666666666666666,1,-1.0,-1.0,inf,inf,
207,208,1,1,2,2,2,4,1,1,2,0.6666666666666666,1,-1.0,-1.0,inf,inf,
208,209,1,1,2,2,2,4,1,1,2,0.6666666666666666,1,-1.0,-1.0,inf,inf,
209,210,1,1,2,2,2,4,1,1,2,0.6666666666666666,1,-1.0,-1.0,inf,inf,
210,211,1,1,2,2,2,4,1,1,2,0.6666666666666666,1,-1.0,-1.0,inf,inf,
211,212,1,1,2,2,2,4,1,1,2,0.6666666666666666,1,-1.0,-1.0,inf,inf,
212,213,1,1,2,2,2,4,1,1,2,0.6666666666666666,1,-1.0,-1.0,inf,inf,
213,214,2,0,2,2,2,4,0,2,2,0.6666666666666666,0,0.0,0.0,,,
214,215,1,1,2,2,2,4,1,1,2,0.6666666666666666,1,-1.0,-1.0,inf,inf,
215,216,1,1,2,2,2,4,1,1,2,0.6666666666666666,1,-1.0,-1.0,inf,inf,
216,217,1,1,2,2,2,4,1,1,2,0.6666666666666666,1,-1.0,-1.0,inf,inf,
217,218,2,0,2,2,2,4,0,2,2,0.6666666666666666,0,0.0,0.0,,,
218,219,1,1,2,2,2,4,1,1,2,0.6666666666666666,1,-1.0,-1.0,inf,inf,
219,220,2,1,3,2,2,4,0,1,1,0.8571428571428571,1,0.0,0.0,1.0,1.0,1.0
220,221,2,1,3,2,2,4,0,1,1,0.8571428571428571,1,0.0,0.0,1.0,1.0,1.0
221,222,3,0,3,2,2,4,-1,2,1,0.8571428571428571,0,0.0,1.0,,0.0,
222,223,2,0,2,2,2,4,0,2,2,0.6666666666666666,0,0.0,0.0,,,
223,224,2,0,2,2,2,4,0,2,2,0.6666666666666666,0,0.0,0.0,,,
224,225,2,0,2,2,2,4,0,2,2,0.6666666666666666,0,0.0,0.0,,,
225,226,2,0,2,2,2,4,0,2,2,0.6666666666666666,0,0.0,0.0,,,
226,227,3,0,3,2,2,4,-1,2,1,0.8571428571428571,0,0.0,1.0,,0.0,
227,228,3,0,3,2,2,4,-1,2,1,0.8571428571428571,0,0.0,1.0,,0.0,
228,229,3,0,3,2,2,4,-1,2,1,0.8571428571428571,0,0.0,1.0,,0.0,
229,230,3,0,3,2,2,4,-1,2,1,0.8571428571428571,0,0.0,1.0,,0.0,
230,231,3,0,3,2,2,4,-1,2,1,0.8571428571428571,0,0.0,1.0,,0.0,
231,232,3,0,3,2,2,4,-1,2,1,0.8571428571428571,0,0.0,1.0,,0.0,
232,233,4,0,4,2,2,4,-2,2,0,1.0,0,0.0,2.0,,0.0,
233,234,4,0,4,2,2,4,-2,2,0,1.0,0,0.0,2.0,,0.0,
234,235,4,0,4,2,2,4,-2,2,0,1.0,0,0.0,2.0,,0.0,
235,236,4,0,4,2,2,4,-2,2,0,1.0,0,0.0,2.0,,0.0,
236,237,3,0,3,2,2,4,-1,2,1,0.8571428571428571,0,0.0,1.0,,0.0,
237,238,3,0,3,2,2,4,-1,2,1,0.8571428571428571,0,0.0,1.0,,0.0,
238,239,3,0,3,2,2,4,-1,2,1,0.8571428571428571,0,0.0,1.0,,0.0,
239,240,3,0,3,2,2,4,-1,2,1,0.8571428571428571,0,0.0,1.0,,0.0,
240,241,4,0,4,2,2,4,-2,2,0,1.0,0,0.0,2.0,,0.0,
241,242,3,0,3,2,2,4,-1,2,1,0.8571428571428571,0,0.0,1.0,,0.0,
242,243,4,0,4,1,2,3,-3,2,-1,1.0,0,0.0,1.0,,0.0,
243,244,4,0,4,1,2,3,-3,2,-1,1.0,0,0.0,1.0,,0.0,
244,245,2,1,3,1,2,3,-1,1,0,1.0,1,0.0,1.0,1.0,0.5,0.6666666666666666
245,246,2,1,3,1,2,3,-1,1,0,1.0,1,0.0,1.0,1.0,0.5,0.6666666666666666
246,247,2,1,3,1,2,3,-1,1,0,1.0,1,0.0,1.0,1.0,0.5,0.6666666666666666
247,248,3,0,3,1,2,3,-2,2,0,1.0,0,0.0,2.0,,0.0,
248,249,4,0,4,1,2,3,-3,2,-1,1.0,0,0.0,1.0,,0.0,
249,250,3,0,3,1,2,3,-2,2,0,1.0,0,0.0,2.0,,0.0,
250,251,3,0,3,1,2,3,-2,2,0,1.0,0,0.0,2.0,,0.0,
251,252,3,0,3,1,2,3,-2,2,0,1.0,0,0.0,2.0,,0.0,
252,253,2,1,3,1,2,3,-1,1,0,1.0,1,0.0,1.0,1.0,0.5,0.6666666666666666
253,254,3,0,3,1,2,3,-2,2,0,1.0,0,0.0,2.0,,0.0,
254,255,3,0,3,1,2,3,-2,2,0,1.0,0,0.0,2.0,,0.0,
255,256,3,0,3,1,2,3,-2,2,0,1.0,0,0.0,2.0,,0.0,
256,257,3,0,3,1,2,3,-2,2,0,1.0,0,0.0,2.0,,0.0,
257,258,3,0,3,1,2,3,-2,2,0,1.0,0,0.0,2.0,,0.0,
258,259,3,0,3,1,2,3,-2,2,0,1.0,0,0.0,2.0,,0.0,
259,260,4,0,4,1,2,3,-3,2,-1,1.0,0,0.0,1.0,,0.0,
260,261,4,0,4,1,2,3,-3,2,-1,1.0,0,0.0,1.0,,0.0,
261,262,2,1,3,1,2,3,-1,1,0,1.0,1,0.0,1.0,1.0,0.5,0.6666666666666666
262,263,3,0,3,1,2,3,-2,2,0,1.0,0,0.0,2.0,,0.0,
263,264,2,1,3,1,2,3,-1,1,0,1.0,1,0.0,1.0,1.0,0.5,0.6666666666666666
264,265,2,1,3,1,2,3,-1,1,0,1.0,1,0.0,1.0,1.0,0.5,0.6666666666666666
265,266,3,0,3,1,2,3,-2,2,0,1.0,0,0.0,2.0,,0.0,
266,267,2,1,3,1,2,3,-1,1,0,1.0,1,0.0,1.0,1.0,0.5,0.6666666666666666
267,268,3,0,3,1,2,3,-2,2,0,1.0,0,0.0,2.0,,0.0,
268,269,3,0,3,1,2,3,-2,2,0,1.0,0,0.0,2.0,,0.0,
269,270,4,0,4,1,2,3,-3,2,-1,1.0,0,0.0,1.0,,0.0,
270,271,4,0,4,1,2,3,-3,2,-1,1.0,0,0.0,1.0,,0.0,
271,272,2,1,3,1,2,3,-1,1,0,1.0,1,0.0,1.0,1.0,0.5,0.6666666666666666
272,273,4,0,4,1,2,3,-3,2,-1,1.0,0,0.0,1.0,,0.0,
273,274,4,0,4,1,2,3,-3,2,-1,1.0,0,0.0,1.0,,0.0,
274,275,4,1,5,1,2,3,-3,1,-2,1.0,1,0.0,-1.0,1.0,inf,
275,276,4,1,5,1,2,3,-3,1,-2,1.0,1,0.0,-1.0,1.0,inf,
276,277,5,0,5,1,2,3,-4,2,-2,1.0,0,0.0,0.0,,,
277,278,5,0,5,1,2,3,-4,2,-2,1.0,0,0.0,0.0,,,
278,279,5,0,5,1,2,3,-4,2,-2,1.0,0,0.0,0.0,,,
279,280,4,1,5,1,2,3,-3,1,-2,1.0,1,0.0,-1.0,1.0,inf,
280,281,5,0,5,1,3,4,-4,3,-1,1.0,0,0.0,2.0,,0.0,
281,282,5,0,5,1,3,4,-4,3,-1,1.0,0,0.0,2.0,,0.0,
282,283,5,0,5,1,3,4,-4,3,-1,1.0,0,0.0,2.0,,0.0,
283,284,4,1,5,1,3,4,-3,2,-1,1.0,1,0.0,1.0,1.0,0.5,0.6666666666666666
284,285,5,0,5,1,3,4,-4,3,-1,1.0,0,0.0,2.0,,0.0,
285,286,3,1,4,1,3,4,-2,2,0,1.0,1,0.0,2.0,1.0,0.3333333333333333,0.5
286,287,5,0,5,1,3,4,-4,3,-1,1.0,0,0.0,2.0,,0.0,
287,288,3,1,4,1,3,4,-2,2,0,1.0,1,0.0,2.0,1.0,0.3333333333333333,0.5
288,289,4,0,4,1,3,4,-3,3,0,1.0,0,0.0,3.0,,0.0,
289,290,3,0,3,1,3,4,-2,3,1,0.8571428571428571,0,0.0,2.0,,0.0,
290,291,4,0,4,1,3,4,-3,3,0,1.0,0,0.0,3.0,,0.0,
291,292,4,0,4,1,3,4,-3,3,0,1.0,0,0.0,3.0,,0.0,
292,293,3,1,4,1,3,4,-2,2,0,1.0,1,0.0,2.0,1.0,0.3333333333333333,0.5
293,294,3,1,4,1,3,4,-2,2,0,1.0,1,0.0,2.0,1.0,0.3333333333333333,0.5
294,295,4,0,4,1,3,4,-3,3,0,1.0,0,0.0,3.0,,0.0,
295,296,3,0,3,1,3,4,-2,3,1,0.8571428571428571,0,0.0,2.0,,0.0,
296,297,3,0,3,1,3,4,-2,3,1,0.8571428571428571,0,0.0,2.0,,0.0,
297,298,3,0,3,1,3,4,-2,3,1,0.8571428571428571,0,0.0,2.0,,0.0,
298,299,2,1,3,1,3,4,-1,2,1,0.8571428571428571,1,0.0,1.0,1.0,0.5,0.6666666666666666
299,300,2,1,3,1,3,4,-1,2,1,0.8571428571428571,1,0.0,1.0,1.0,0.5,0.6666666666666666
300,301,3,0,3,1,3,4,-2,3,1,0.8571428571428571,0,0.0,2.0,,0.0,
301,302,1,2,3,1,3,4,0,1,1,0.8571428571428571,2,0.0,0.0,1.0,1.0,1.0
302,303,1,1,2,1,3,4,0,2,2,0.6666666666666666,1,0.0,0.0,1.0,1.0,1.0
303,304,1,2,3,1,3,4,0,1,1,0.8571428571428571,2,0.0,0.0,1.0,1.0,1.0
304,305,2,1,3,1,3,4,-1,2,1,0.8571428571428571,1,0.0,1.0,1.0,0.5,0.6666666666666666
305,306,1,2,3,1,3,4,0,1,1,0.8571428571428571,2,0.0,0.0,1.0,1.0,1.0
306,307,2,1,3,1,3,4,-1,2,1,0.8571428571428571,1,0.0,1.0,1.0,0.5,0.6666666666666666
307,308,1,2,3,1,3,4,0,1,1,0.8571428571428571,2,0.0,0.0,1.0,1.0,1.0
308,309,1,2,3,1,3,4,0,1,1,0.8571428571428571,2,0.0,0.0,1.0,1.0,1.0
309,310,3,0,3,1,3,4,-2,3,1,0.8571428571428571,0,0.0,2.0,,0.0,
310,311,2,1,3,1,3,4,-1,2,1,0.8571428571428571,1,0.0,1.0,1.0,0.5,0.6666666666666666
311,312,3,1,4,1,3,4,-2,2,0,1.0,1,0.0,2.0,1.0,0.3333333333333333,0.5
312,313,2,2,4,1,3,4,-1,1,0,1.0,2,0.0,1.0,1.0,0.6666666666666666,0.8
313,314,3,1,4,1,3,4,-2,2,0,1.0,1,0.0,2.0,1.0,0.3333333333333333,0.5
314,315,3,1,4,1,3,4,-2,2,0,1.0,1,0.0,2.0,1.0,0.3333333333333333,0.5
315,316,4,0,4,1,3,4,-3,3,0,1.0,0,0.0,3.0,,0.0,
316,317,4,0,4,1,3,4,-3,3,0,1.0,0,0.0,3.0,,0.0,
317,318,3,0,3,1,3,4,-2,3,1,0.8571428571428571,0,0.0,2.0,,0.0,
318,319,3,0,3,1,3,4,-2,3,1,0.8571428571428571,0,0.0,2.0,,0.0,
319,320,3,1,4,1,3,4,-2,2,0,1.0,1,0.0,2.0,1.0,0.3333333333333333,0.5
320,321,3,0,3,1,3,4,-2,3,1,0.8571428571428571,0,0.0,2.0,,0.0,
321,322,3,1,4,1,3,4,-2,2,0,1.0,1,0.0,2.0,1.0,0.3333333333333333,0.5
322,323,3,1,4,1,3,4,-2,2,0,1.0,1,0.0,2.0,1.0,0.3333333333333333,0.5
323,324,2,1,3,1,3,4,-1,2,1,0.8571428571428571,1,0.0,1.0,1.0,0.5,0.6666666666666666
324,325,2,1,3,1,3,4,-1,2,1,0.8571428571428571,1,0.0,1.0,1.0,0.5,0.6666666666666666
325,326,3,1,4,1,3,4,-2,2,0,1.0,1,0.0,2.0,1.0,0.3333333333333333,0.5
326,327,3,1,4,1,3,4,-2,2,0,1.0,1,0.0,2.0,1.0,0.3333333333333333,0.5
327,328,3,1,4,1,3,4,-2,2,0,1.0,1,0.0,2.0,1.0,0.3333333333333333,0.5
328,329,3,1,4,1,3,4,-2,2,0,1.0,1,0.0,2.0,1.0,0.3333333333333333,0.5
329,330,3,0,3,1,3,4,-2,3,1,0.8571428571428571,0,0.0,2.0,,0.0,
330,331,3,0,3,1,3,4,-2,3,1,0.8571428571428571,0,0.0,2.0,,0.0,
331,332,3,0,3,1,3,4,-2,3,1,0.8571428571428571,0,0.0,2.0,,0.0,
332,333,3,0,3,1,3,4,-2,3,1,0.8571428571428571,0,0.0,2.0,,0.0,
333,334,2,1,3,1,3,4,-1,2,1,0.8571428571428571,1,0.0,1.0,1.0,0.5,0.6666666666666666
334,335,3,0,3,1,2,3,-2,2,0,1.0,0,0.0,2.0,,0.0,
335,336,3,0,3,1,2,3,-2,2,0,1.0,0,0.0,2.0,,0.0,
336,337,2,1,3,1,2,3,-1,1,0,1.0,1,0.0,1.0,1.0,0.5,0.6666666666666666
337,338,3,0,3,1,2,3,-2,2,0,1.0,0,0.0,2.0,,0.0,
338,339,3,0,3,1,2,3,-2,2,0,1.0,0,0.0,2.0,,0.0,
339,340,3,0,3,1,2,3,-2,2,0,1.0,0,0.0,2.0,,0.0,
340,341,2,1,3,1,2,3,-1,1,0,1.0,1,0.0,1.0,1.0,0.5,0.6666666666666666
341,342,2,1,3,1,2,3,-1,1,0,1.0,1,0.0,1.0,1.0,0.5,0.6666666666666666
342,343,2,1,3,1,2,3,-1,1,0,1.0,1,0.0,1.0,1.0,0.5,0.6666666666666666
343,344,3,0,3,1,2,3,-2,2,0,1.0,0,0.0,2.0,,0.0,
344,345,3,0,3,1,2,3,-2,2,0,1.0,0,0.0,2.0,,0.0,
345,346,3,0,3,1,2,3,-2,2,0,1.0,0,0.0,2.0,,0.0,
346,347,3,0,3,1,2,3,-2,2,0,1.0,0,0.0,2.0,,0.0,
347,348,2,1,3,1,2,3,-1,1,0,1.0,1,0.0,1.0,1.0,0.5,0.6666666666666666
348,349,3,0,3,1,2,3,-2,2,0,1.0,0,0.0,2.0,,0.0,
349,350,3,0,3,1,2,3,-2,2,0,1.0,0,0.0,2.0,,0.0,
350,351,3,0,3,1,2,3,-2,2,0,1.0,0,0.0,2.0,,0.0,
351,352,3,0,3,1,2,3,-2,2,0,1.0,0,0.0,2.0,,0.0,
352,353,3,0,3,1,2,3,-2,2,0,1.0,0,0.0,2.0,,0.0,
353,354,3,0,3,1,2,3,-2,2,0,1.0,0,0.0,2.0,,0.0,
354,355,2,0,2,1,2,3,-1,2,1,0.8,0,0.0,1.0,,0.0,
355,356,2,0,2,1,2,3,-1,2,1,0.8,0,0.0,1.0,,0.0,
356,357,3,0,3,1,2,3,-2,2,0,1.0,0,0.0,2.0,,0.0,
357,358,2,0,2,1,2,3,-1,2,1,0.8,0,0.0,1.0,,0.0,
358,359,2,0,2,1,2,3,-1,2,1,0.8,0,0.0,1.0,,0.0,
359,360,2,0,2,1,2,3,-1,2,1,0.8,0,0.0,1.0,,0.0,
360,361,2,0,2,1,2,3,-1,2,1,0.8,0,0.0,1.0,,0.0,
361,362,2,0,2,1,2,3,-1,2,1,0.8,0,0.0,1.0,,0.0,
362,363,2,0,2,1,2,3,-1,2,1,0.8,0,0.0,1.0,,0.0,
363,364,2,0,2,1,2,3,-1,2,1,0.8,0,0.0,1.0,,0.0,
364,365,2,0,2,1,2,3,-1,2,1,0.8,0,0.0,1.0,,0.0,
365,366,2,0,2,1,2,3,-1,2,1,0.8,0,0.0,1.0,,0.0,
366,367,2,0,2,1,2,3,-1,2,1,0.8,0,0.0,1.0,,0.0,
367,368,2,0,2,1,2,3,-1,2,1,0.8,0,0.0,1.0,,0.0,
368,369,3,0,3,1,2,3,-2,2,0,1.0,0,0.0,2.0,,0.0,
369,370,3,0,3,1,3,4,-2,3,1,0.8571428571428571,0,0.0,2.0,,0.0,
370,371,3,0,3,1,3,4,-2,3,1,0.8571428571428571,0,0.0,2.0,,0.0,
371,372,3,1,4,1,3,4,-2,2,0,1.0,1,0.0,2.0,1.0,0.3333333333333333,0.5
372,373,4,0,4,1,3,4,-3,3,0,1.0,0,0.0,3.0,,0.0,
373,374,4,0,4,1,3,4,-3,3,0,1.0,0,0.0,3.0,,0.0,
374,375,3,0,3,1,3,4,-2,3,1,0.8571428571428571,0,0.0,2.0,,0.0,
375,376,3,0,3,1,3,4,-2,3,1,0.8571428571428571,0,0.0,2.0,,0.0,
376,377,3,0,3,1,3,4,-2,3,1,0.8571428571428571,0,0.0,2.0,,0.0,
377,378,3,0,3,1,3,4,-2,3,1,0.8571428571428571,0,0.0,2.0,,0.0,
378,379,3,0,3,1,3,4,-2,3,1,0.8571428571428571,0,0.0,2.0,,0.0,
379,380,3,0,3,1,3,4,-2,3,1,0.8571428571428571,0,0.0,2.0,,0.0,
380,381,3,0,3,1,2,3,-2,2,0,1.0,0,0.0,2.0,,0.0,
381,382,3,0,3,1,2,3,-2,2,0,1.0,0,0.0,2.0,,0.0,
382,383,3,0,3,1,2,3,-2,2,0,1.0,0,0.0,2.0,,0.0,
383,384,3,0,3,1,2,3,-2,2,0,1.0,0,0.0,2.0,,0.0,
384,385,2,0,2,1,2,3,-1,2,1,0.8,0,0.0,1.0,,0.0,
385,386,2,0,2,1,2,3,-1,2,1,0.8,0,0.0,1.0,,0.0,
386,387,2,0,2,1,2,3,-1,2,1,0.8,0,0.0,1.0,,0.0,
387,388,1,1,2,1,2,3,0,1,1,0.8,1,0.0,0.0,1.0,1.0,1.0
388,389,1,1,2,1,2,3,0,1,1,0.8,1,0.0,0.0,1.0,1.0,1.0
389,390,2,1,3,1,2,3,-1,1,0,1.0,1,0.0,1.0,1.0,0.5,0.6666666666666666
390,391,2,1,3,1,2,3,-1,1,0,1.0,1,0.0,1.0,1.0,0.5,0.6666666666666666
391,392,2,1,3,1,2,3,-1,1,0,1.0,1,0.0,1.0,1.0,0.5,0.6666666666666666
392,393,2,1,3,1,2,3,-1,1,0,1.0,1,0.0,1.0,1.0,0.5,0.6666666666666666
393,394,2,1,3,1,2,3,-1,1,0,1.0,1,0.0,1.0,1.0,0.5,0.6666666666666666
394,395,3,0,3,1,2,3,-2,2,0,1.0,0,0.0,2.0,,0.0,
395,396,2,1,3,1,2,3,-1,1,0,1.0,1,0.0,1.0,1.0,0.5,0.6666666666666666
396,397,3,0,3,1,2,3,-2,2,0,1.0,0,0.0,2.0,,0.0,
397,398,3,0,3,1,2,3,-2,2,0,1.0,0,0.0,2.0,,0.0,
398,399,3,0,3,1,2,3,-2,2,0,1.0,0,0.0,2.0,,0.0,
399,400,3,0,3,1,2,3,-2,2,0,1.0,0,0.0,2.0,,0.0,
400,401,3,0,3,1,2,3,-2,2,0,1.0,0,0.0,2.0,,0.0,
401,402,2,1,3,1,2,3,-1,1,0,1.0,1,0.0,1.0,1.0,0.5,0.6666666666666666
402,403,2,1,3,1,2,3,-1,1,0,1.0,1,0.0,1.0,1.0,0.5,0.6666666666666666
403,404,2,1,3,1,2,3,-1,1,0,1.0,1,0.0,1.0,1.0,0.5,0.6666666666666666
404,405,3,0,3,1,2,3,-2,2,0,1.0,0,0.0,2.0,,0.0,
405,406,2,0,2,1,1,2,-1,1,0,1.0,0,0.0,1.0,,0.0,
406,407,3,0,3,1,1,2,-2,1,-1,1.0,0,0.0,0.0,,,
407,408,2,0,3,1,1,2,-1,1,-1,1.0,0,0.0,0.0,,,
408,409,3,0,3,1,1,2,-2,1,-1,1.0,0,0.0,0.0,,,
409,410,3,0,3,1,1,2,-2,1,-1,1.0,0,0.0,0.0,,,
410,411,2,1,3,1,1,2,-1,0,-1,1.0,1,0.0,0.0,1.0,1.0,1.0
411,412,3,0,3,1,1,2,-2,1,-1,1.0,0,0.0,0.0,,,
412,413,3,0,3,1,1,2,-2,1,-1,1.0,0,0.0,0.0,,,
413,414,3,0,3,1,1,2,-2,1,-1,1.0,0,0.0,0.0,,,
414,415,3,0,3,1,1,2,-2,1,-1,1.0,0,0.0,0.0,,,
415,416,2,0,2,1,1,2,-1,1,0,1.0,0,0.0,1.0,,0.0,
416,417,2,0,2,1,1,2,-1,1,0,1.0,0,0.0,1.0,,0.0,
417,418,1,1,2,1,1,2,0,0,0,1.0,1,0.0,0.0,1.0,1.0,1.0
418,419,2,0,2,1,1,2,-1,1,0,1.0,0,0.0,1.0,,0.0,
419,420,2,0,2,1,1,2,-1,1,0,1.0,0,0.0,1.0,,0.0,
420,421,2,0,2,1,1,2,-1,1,0,1.0,0,0.0,1.0,,0.0,
421,422,2,0,2,1,1,2,-1,1,0,1.0,0,0.0,1.0,,0.0,
422,423,2,0,2,1,1,2,-1,1,0,1.0,0,0.0,1.0,,0.0,
423,424,2,0,2,1,1,2,-1,1,0,1.0,0,0.0,1.0,,0.0,
424,425,2,0,2,1,1,2,-1,1,0,1.0,0,0.0,1.0,,0.0,
425,426,2,0,2,1,1,2,-1,1,0,1.0,0,0.0,1.0,,0.0,
426,427,1,1,2,1,1,2,0,0,0,1.0,1,0.0,0.0,1.0,1.0,1.0
427,428,2,0,2,1,1,2,-1,1,0,1.0,0,0.0,1.0,,0.0,
428,429,2,0,2,1,1,2,-1,1,0,1.0,0,0.0,1.0,,0.0,
429,430,2,0,2,1,1,2,-1,1,0,1.0,0,0.0,1.0,,0.0,
430,431,2,0,2,1,1,2,-1,1,0,1.0,0,0.0,1.0,,0.0,
431,432,2,0,2,1,1,2,-1,1,0,1.0,0,0.0,1.0,,0.0,
432,433,2,0,2,1,1,2,-1,1,0,1.0,0,0.0,1.0,,0.0,
433,434,3,0,3,1,1,2,-2,1,-1,1.0,0,0.0,0.0,,,
434,435,3,0,3,1,1,2,-2,1,-1,1.0,0,0.0,0.0,,,
435,436,2,0,2,1,1,2,-1,1,0,1.0,0,0.0,1.0,,0.0,
436,437,2,0,2,1,1,2,-1,1,0,1.0,0,0.0,1.0,,0.0,
437,438,3,0,3,1,1,2,-2,1,-1,1.0,0,0.0,0.0,,,
438,439,3,0,3,1,1,2,-2,1,-1,1.0,0,0.0,0.0,,,
439,440,2,1,3,1,1,2,-1,0,-1,1.0,1,0.0,0.0,1.0,1.0,1.0
440,441,1,0,1,1,1,2,0,1,1,0.6666666666666666,0,0.0,0.0,,,
441,442,1,0,1,1,1,2,0,1,1,0.6666666666666666,0,0.0,0.0,,,
442,443,1,0,1,1,1,2,0,1,1,0.6666666666666666,0,0.0,0.0,,,
443,444,1,0,1,1,1,2,0,1,1,0.6666666666666666,0,0.0,0.0,,,
444,445,1,0,1,1,1,2,0,1,1,0.6666666666666666,0,0.0,0.0,,,
445,446,2,0,2,1,1,2,-1,1,0,1.0,0,0.0,1.0,,0.0,
446,447,1,0,1,1,1,2,0,1,1,0.6666666666666666,0,0.0,0.0,,,
447,448,0,0,0,1,1,2,1,1,2,0.0,0,-1.0,-1.0,-0.0,-0.0,
448,449,1,0,1,1,1,2,0,1,1,0.6666666666666666,0,0.0,0.0,,,
449,450,1,0,1,1,1,2,0,1,1,0.6666666666666666,0,0.0,0.0,,,
450,451,1,0,1,1,2,3,0,2,2,0.5,0,0.0,0.0,,,
451,452,1,0,1,1,2,3,0,2,2,0.5,0,0.0,0.0,,,
452,453,1,0,1,1,2,3,0,2,2,0.5,0,0.0,0.0,,,
453,454,1,0,1,1,2,3,0,2,2,0.5,0,0.0,0.0,,,
454,455,1,0,1,1,2,3,0,2,2,0.5,0,0.0,0.0,,,
455,456,2,0,2,1,2,3,-1,2,1,0.8,0,0.0,1.0,,0.0,
456,457,2,0,2,1,2,3,-1,2,1,0.8,0,0.0,1.0,,0.0,
457,458,1,0,1,1,2,3,0,2,2,0.5,0,0.0,0.0,,,
458,459,1,0,1,1,2,3,0,2,2,0.5,0,0.0,0.0,,,
459,460,1,0,1,1,2,3,0,2,2,0.5,0,0.0,0.0,,,
460,461,1,0,1,1,2,3,0,2,2,0.5,0,0.0,0.0,,,
461,462,1,0,1,1,2,3,0,2,2,0.5,0,0.0,0.0,,,
462,463,1,0,1,1,2,3,0,2,2,0.5,0,0.0,0.0,,,
463,464,2,0,2,1,2,3,-1,2,1,0.8,0,0.0,1.0,,0.0,
464,465,2,0,2,1,2,3,-1,2,1,0.8,0,0.0,1.0,,0.0,
465,466,2,0,2,1,2,3,-1,2,1,0.8,0,0.0,1.0,,0.0,
466,467,2,0,2,1,2,3,-1,2,1,0.8,0,0.0,1.0,,0.0,
467,468,2,0,2,1,2,3,-1,2,1,0.8,0,0.0,1.0,,0.0,
468,469,2,0,2,1,2,3,-1,2,1,0.8,0,0.0,1.0,,0.0,
469,470,2,0,2,1,2,3,-1,2,1,0.8,0,0.0,1.0,,0.0,
470,471,2,0,2,1,2,3,-1,2,1,0.8,0,0.0,1.0,,0.0,
471,472,2,0,2,1,2,3,-1,2,1,0.8,0,0.0,1.0,,0.0,
472,473,2,0,2,1,2,3,-1,2,1,0.8,0,0.0,1.0,,0.0,
473,474,2,1,3,1,2,3,-1,1,0,1.0,1,0.0,1.0,1.0,0.5,0.6666666666666666
474,475,2,1,3,1,2,3,-1,1,0,1.0,1,0.0,1.0,1.0,0.5,0.6666666666666666
475,476,2,1,3,1,2,3,-1,1,0,1.0,1,0.0,1.0,1.0,0.5,0.6666666666666666
476,477,1,1,2,1,2,3,0,1,1,0.8,1,0.0,0.0,1.0,1.0,1.0
477,478,1,1,2,1,2,3,0,1,1,0.8,1,0.0,0.0,1.0,1.0,1.0
478,479,0,1,1,1,2,3,1,1,2,0.5,1,-1.0,-1.0,inf,inf,
479,480,2,1,3,1,2,3,-1,1,0,1.0,1,0.0,1.0,1.0,0.5,0.6666666666666666
480,481,3,0,3,1,2,3,-2,2,0,1.0,0,0.0,2.0,,0.0,
481,482,3,0,3,1,2,3,-2,2,0,1.0,0,0.0,2.0,,0.0,
482,483,3,0,3,1,2,3,-2,2,0,1.0,0,0.0,2.0,,0.0,
483,484,4,0,4,1,2,3,-3,2,-1,1.0,0,0.0,1.0,,0.0,
484,485,4,0,4,1,2,3,-3,2,-1,1.0,0,0.0,1.0,,0.0,
485,486,4,0,4,1,3,4,-3,3,0,1.0,0,0.0,3.0,,0.0,
486,487,3,0,3,1,3,4,-2,3,1,0.8571428571428571,0,0.0,2.0,,0.0,
487,488,3,0,3,1,3,4,-2,3,1,0.8571428571428571,0,0.0,2.0,,0.0,
488,489,1,2,3,1,3,4,0,1,1,0.8571428571428571,2,0.0,0.0,1.0,1.0,1.0
489,490,3,0,3,1,3,4,-2,3,1,0.8571428571428571,0,0.0,2.0,,0.0,
490,491,1,1,2,1,3,4,0,2,2,0.6666666666666666,1,0.0,0.0,1.0,1.0,1.0
491,492,1,2,3,1,3,4,0,1,1,0.8571428571428571,2,0.0,0.0,1.0,1.0,1.0
492,493,2,1,3,1,3,4,-1,2,1,0.8571428571428571,1,0.0,1.0,1.0,0.5,0.6666666666666666
493,494,3,0,3,1,3,4,-2,3,1,0.8571428571428571,0,0.0,2.0,,0.0,
494,495,1,1,2,1,3,4,0,2,2,0.6666666666666666,1,0.0,0.0,1.0,1.0,1.0
495,496,3,0,3,1,3,4,-2,3,1,0.8571428571428571,0,0.0,2.0,,0.0,
496,497,3,0,3,1,3,4,-2,3,1,0.8571428571428571,0,0.0,2.0,,0.0,
497,498,3,0,3,1,3,4,-2,3,1,0.8571428571428571,0,0.0,2.0,,0.0,
498,499,3,0,3,1,3,4,-2,3,1,0.8571428571428571,0,0.0,2.0,,0.0,
499,500,3,0,3,1,3,4,-2,3,1,0.8571428571428571,0,0.0,2.0,,0.0,
500,501,2,1,3,1,3,4,-1,2,1,0.8571428571428571,1,0.0,1.0,1.0,0.5,0.6666666666666666
501,502,2,0,2,1,3,4,-1,3,2,0.6666666666666666,0,0.0,1.0,,0.0,
502,503,2,0,2,1,3,4,-1,3,2,0.6666666666666666,0,0.0,1.0,,0.0,
503,504,2,1,3,1,3,4,-1,2,1,0.8571428571428571,1,0.0,1.0,1.0,0.5,0.6666666666666666
504,505,3,0,3,1,3,4,-2,3,1,0.8571428571428571,0,0.0,2.0,,0.0,
505,506,2,1,3,1,3,4,-1,2,1,0.8571428571428571,1,0.0,1.0,1.0,0.5,0.6666666666666666
506,507,2,0,2,1,3,4,-1,3,2,0.6666666666666666,0,0.0,1.0,,0.0,
507,508,1,2,3,1,3,4,0,1,1,0.8571428571428571,2,0.0,0.0,1.0,1.0,1.0
508,509,1,2,3,1,3,4,0,1,1,0.8571428571428571,2,0.0,0.0,1.0,1.0,1.0
509,510,1,1,2,1,3,4,0,2,2,0.6666666666666666,1,0.0,0.0,1.0,1.0,1.0
510,511,1,1,2,1,3,4,0,2,2,0.6666666666666666,1,0.0,0.0,1.0,1.0,1.0
511,512,0,1,1,1,3,4,1,2,3,0.4,1,-2.0,-1.0,-1.0,inf,
512,513,0,1,1,1,3,4,1,2,3,0.4,1,-2.0,-1.0,-1.0,inf,
513,514,1,1,2,1,3,4,0,2,2,0.6666666666666666,1,0.0,0.0,1.0,1.0,1.0
514,515,0,1,1,1,2,3,1,1,2,0.5,1,-1.0,-1.0,inf,inf,
515,516,0,1,1,1,2,3,1,1,2,0.5,1,-1.0,-1.0,inf,inf,
516,517,0,1,1,1,2,3,1,1,2,0.5,1,-1.0,-1.0,inf,inf,
517,518,0,1,1,1,2,3,1,1,2,0.5,1,-1.0,-1.0,inf,inf,
518,519,0,1,1,1,1,2,1,0,1,0.6666666666666666,1,0.0,0.0,1.0,1.0,1.0
519,520,0,1,1,1,1,2,1,0,1,0.6666666666666666,1,0.0,0.0,1.0,1.0,1.0
520,521,0,1,1,1,1,2,1,0,1,0.6666666666666666,1,0.0,0.0,1.0,1.0,1.0
521,522,0,1,1,1,1,2,1,0,1,0.6666666666666666,1,0.0,0.0,1.0,1.0,1.0
522,523,0,1,1,0,1,1,0,0,0,1.0,1,0.0,0.0,1.0,1.0,1.0
523,524,0,1,1,0,1,1,0,0,0,1.0,1,0.0,0.0,1.0,1.0,1.0
524,525,0,1,1,0,1,1,0,0,0,1.0,1,0.0,0.0,1.0,1.0,1.0
525,526,0,1,1,0,1,1,0,0,0,1.0,1,0.0,0.0,1.0,1.0,1.0
526,527,0,1,1,0,1,1,0,0,0,1.0,1,0.0,0.0,1.0,1.0,1.0
527,528,1,0,1,0,1,1,-1,1,0,1.0,0,0.0,1.0,,0.0,
528,529,1,0,1,0,1,1,-1,1,0,1.0,0,0.0,1.0,,0.0,
529,530,0,1,1,0,1,1,0,0,0,1.0,1,0.0,0.0,1.0,1.0,1.0
530,531,0,1,1,0,1,1,0,0,0,1.0,1,0.0,0.0,1.0,1.0,1.0
531,532,0,1,1,0,1,1,0,0,0,1.0,1,0.0,0.0,1.0,1.0,1.0
532,533,1,0,1,0,1,1,-1,1,0,1.0,0,0.0,1.0,,0.0,
533,534,3,0,3,0,1,1,-3,1,-2,1.0,0,0.0,-1.0,,-0.0,
534,535,1,0,1,0,2,2,-1,2,1,0.6666666666666666,0,0.0,1.0,,0.0,
535,536,1,0,1,0,2,2,-1,2,1,0.6666666666666666,0,0.0,1.0,,0.0,
536,537,1,0,1,0,2,2,-1,2,1,0.6666666666666666,0,0.0,1.0,,0.0,
537,538,1,1,2,0,2,2,-1,1,0,1.0,1,0.0,1.0,1.0,0.5,0.6666666666666666
538,539,1,1,2,0,2,2,-1,1,0,1.0,1,0.0,1.0,1.0,0.5,0.6666666666666666
539,540,1,1,2,0,2,2,-1,1,0,1.0,1,0.0,1.0,1.0,0.5,0.6666666666666666
540,541,0,2,2,0,2,2,0,0,0,1.0,2,0.0,0.0,1.0,1.0,1.0
541,542,0,2,2,0,2,2,0,0,0,1.0,2,0.0,0.0,1.0,1.0,1.0
542,543,0,2,2,0,2,2,0,0,0,1.0,2,0.0,0.0,1.0,1.0,1.0
543,544,0,2,2,0,2,2,0,0,0,1.0,2,0.0,0.0,1.0,1.0,1.0
544,545,0,2,2,0,2,2,0,0,0,1.0,2,0.0,0.0,1.0,1.0,1.0
545,546,1,1,2,0,2,2,-1,1,0,1.0,1,0.0,1.0,1.0,0.5,0.6666666666666666
546,547,0,2,2,0,2,2,0,0,0,1.0,2,0.0,0.0,1.0,1.0,1.0
547,548,0,2,2,0,2,2,0,0,0,1.0,2,0.0,0.0,1.0,1.0,1.0
548,549,0,2,2,0,2,2,0,0,0,1.0,2,0.0,0.0,1.0,1.0,1.0
549,550,0,2,2,0,2,2,0,0,0,1.0,2,0.0,0.0,1.0,1.0,1.0
550,551,0,2,2,0,2,2,0,0,0,1.0,2,0.0,0.0,1.0,1.0,1.0
551,552,1,1,2,0,2,2,-1,1,0,1.0,1,0.0,1.0,1.0,0.5,0.6666666666666666
552,553,0,2,2,0,2,2,0,0,0,1.0,2,0.0,0.0,1.0,1.0,1.0
553,554,0,2,2,0,2,2,0,0,0,1.0,2,0.0,0.0,1.0,1.0,1.0
554,555,0,2,2,0,2,2,0,0,0,1.0,2,0.0,0.0,1.0,1.0,1.0
555,556,0,2,2,0,2,2,0,0,0,1.0,2,0.0,0.0,1.0,1.0,1.0
556,557,0,2,2,0,2,2,0,0,0,1.0,2,0.0,0.0,1.0,1.0,1.0
557,558,0,2,2,0,2,2,0,0,0,1.0,2,0.0,0.0,1.0,1.0,1.0
558,559,0,2,2,0,2,2,0,0,0,1.0,2,0.0,0.0,1.0,1.0,1.0
559,560,0,2,2,0,2,2,0,0,0,1.0,2,0.0,0.0,1.0,1.0,1.0
560,561,0,1,2,0,2,2,0,1,0,1.0,1,0.0,1.0,1.0,0.5,0.6666666666666666
561,562,0,2,2,0,2,2,0,0,0,1.0,2,0.0,0.0,1.0,1.0,1.0
562,563,0,2,2,0,2,2,0,0,0,1.0,2,0.0,0.0,1.0,1.0,1.0
563,564,0,2,2,0,2,2,0,0,0,1.0,2,0.0,0.0,1.0,1.0,1.0
564,565,1,1,2,0,2,2,-1,1,0,1.0,1,0.0,1.0,1.0,0.5,0.6666666666666666
565,566,1,0,2,0,2,2,-1,2,0,1.0,0,0.0,2.0,,0.0,
566,567,1,0,2,0,2,2,-1,2,0,1.0,0,0.0,2.0,,0.0,
567,568,0,1,2,0,2,2,0,1,0,1.0,1,0.0,1.0,1.0,0.5,0.6666666666666666
568,569,0,1,2,0,2,2,0,1,0,1.0,1,0.0,1.0,1.0,0.5,0.6666666666666666
569,570,1,0,2,0,2,2,-1,2,0,1.0,0,0.0,2.0,,0.0,
570,571,0,0,0,0,2,2,0,2,2,0.0,0,0.0,0.0,,,
571,572,0,0,0,0,2,2,0,2,2,0.0,0,0.0,0.0,,,
572,573,0,0,0,0,2,2,0,2,2,0.0,0,0.0,0.0,,,
573,574,1,0,1,0,2,2,-1,2,1,0.6666666666666666,0,0.0,1.0,,0.0,
574,575,1,0,1,0,2,2,-1,2,1,0.6666666666666666,0,0.0,1.0,,0.0,
575,576,0,0,0,0,2,2,0,2,2,0.0,0,0.0,0.0,,,
576,577,1,0,1,0,2,2,-1,2,1,0.6666666666666666,0,0.0,1.0,,0.0,
577,578,1,0,1,0,1,1,-1,1,0,1.0,0,0.0,1.0,,0.0,
578,579,1,0,1,0,1,1,-1,1,0,1.0,0,0.0,1.0,,0.0,
579,580,0,0,0,0,1,1,0,1,1,0.0,0,0.0,0.0,,,
580,581,1,0,1,0,1,1,-1,1,0,1.0,0,0.0,1.0,,0.0,
581,582,0,0,0,0,1,1,0,1,1,0.0,0,0.0,0.0,,,
582,583,0,0,0,1,1,2,1,1,2,0.0,0,-1.0,-1.0,-0.0,-0.0,
583,584,0,0,0,1,1,2,1,1,2,0.0,0,-1.0,-1.0,-0.0,-0.0,
584,585,1,1,2,1,1,2,0,0,0,1.0,1,0.0,0.0,1.0,1.0,1.0
585,586,1,0,1,1,1,2,0,1,1,0.6666666666666666,0,0.0,0.0,,,
586,587,2,0,2,1,2,3,-1,2,1,0.8,0,0.0,1.0,,0.0,
587,588,2,0,2,1,2,3,-1,2,1,0.8,0,0.0,1.0,,0.0,
588,589,3,0,3,1,2,3,-2,2,0,1.0,0,0.0,2.0,,0.0,
589,590,2,0,2,1,2,3,-1,2,1,0.8,0,0.0,1.0,,0.0,
590,591,2,0,2,2,2,4,0,2,2,0.6666666666666666,0,0.0,0.0,,,
591,592,2,1,3,2,2,4,0,1,1,0.8571428571428571,1,0.0,0.0,1.0,1.0,1.0
592,593,3,0,3,2,2,4,-1,2,1,0.8571428571428571,0,0.0,1.0,,0.0,
593,594,3,0,3,2,2,4,-1,2,1,0.8571428571428571,0,0.0,1.0,,0.0,
594,595,1,2,3,2,2,4,1,0,1,0.8571428571428571,2,0.0,0.0,1.0,1.0,1.0
595,596,3,1,4,2,2,4,-1,1,0,1.0,1,0.0,1.0,1.0,0.5,0.6666666666666666
596,597,3,1,4,2,3,5,-1,2,1,0.888888888888889,1,0.0,1.0,1.0,0.5,0.6666666666666666
597,598,2,1,3,2,3,5,0,2,2,0.7499999999999999,1,0.0,0.0,1.0,1.0,1.0
598,599,2,2,4,2,3,5,0,1,1,0.888888888888889,2,0.0,0.0,1.0,1.0,1.0
599,600,3,1,4,2,3,5,-1,2,1,0.888888888888889,1,0.0,1.0,1.0,0.5,0.6666666666666666
600,601,3,1,4,2,3,5,-1,2,1,0.888888888888889,1,0.0,1.0,1.0,0.5,0.6666666666666666
601,602,3,1,4,2,3,5,-1,2,1,0.888888888888889,1,0.0,1.0,1.0,0.5,0.6666666666666666
602,603,4,1,5,2,3,5,-2,2,0,1.0,1,0.0,2.0,1.0,0.3333333333333333,0.5
603,604,4,0,4,2,3,5,-2,3,1,0.888888888888889,0,0.0,2.0,,0.0,
604,605,4,0,4,2,3,5,-2,3,1,0.888888888888889,0,0.0,2.0,,0.0,
605,606,4,0,4,2,3,5,-2,3,1,0.888888888888889,0,0.0,2.0,,0.0,
606,607,4,0,4,2,3,5,-2,3,1,0.888888888888889,0,0.0,2.0,,0.0,
607,608,4,0,4,2,3,5,-2,3,1,0.888888888888889,0,0.0,2.0,,0.0,
608,609,3,0,4,2,3,5,-1,3,1,0.888888888888889,0,0.0,2.0,,0.0,
609,610,4,0,4,2,3,5,-2,3,1,0.888888888888889,0,0.0,2.0,,0.0,
610,611,4,0,4,2,3,5,-2,3,1,0.888888888888889,0,0.0,2.0,,0.0,
611,612,3,0,4,2,3,5,-1,3,1,0.888888888888889,0,0.0,2.0,,0.0,
612,613,4,0,4,2,3,5,-2,3,1,0.888888888888889,0,0.0,2.0,,0.0,
613,614,4,1,5,2,3,5,-2,2,0,1.0,1,0.0,2.0,1.0,0.3333333333333333,0.5
614,615,3,1,5,2,3,5,-1,2,0,1.0,1,0.0,2.0,1.0,0.3333333333333333,0.5
615,616,4,1,5,2,3,5,-2,2,0,1.0,1,0.0,2.0,1.0,0.3333333333333333,0.5
616,617,4,0,4,2,3,5,-2,3,1,0.888888888888889,0,0.0,2.0,,0.0,
617,618,4,0,4,2,3,5,-2,3,1,0.888888888888889,0,0.0,2.0,,0.0,
618,619,5,0,5,2,3,5,-3,3,0,1.0,0,0.0,3.0,,0.0,
619,620,5,0,5,2,3,5,-3,3,0,1.0,0,0.0,3.0,,0.0,
620,621,5,0,5,2,3,5,-3,3,0,1.0,0,0.0,3.0,,0.0,
621,622,5,0,5,2,3,5,-3,3,0,1.0,0,0.0,3.0,,0.0,
622,623,5,0,5,2,3,5,-3,3,0,1.0,0,0.0,3.0,,0.0,
623,624,5,0,5,2,3,5,-3,3,0,1.0,0,0.0,3.0,,0.0,
624,625,5,0,5,2,3,5,-3,3,0,1.0,0,0.0,3.0,,0.0,
625,626,5,0,5,2,2,4,-3,2,-1,1.0,0,0.0,1.0,,0.0,
626,627,4,0,4,2,2,4,-2,2,0,1.0,0,0.0,2.0,,0.0,
627,628,4,0,4,2,2,4,-2,2,0,1.0,0,0.0,2.0,,0.0,
628,629,3,1,4,2,2,4,-1,1,0,1.0,1,0.0,1.0,1.0,0.5,0.6666666666666666
629,630,4,0,4,2,2,4,-2,2,0,1.0,0,0.0,2.0,,0.0,
630,631,1,1,2,2,2,4,1,1,2,0.6666666666666666,1,-1.0,-1.0,inf,inf,
631,632,2,1,3,2,2,4,0,1,1,0.8571428571428571,1,0.0,0.0,1.0,1.0,1.0
632,633,2,1,3,2,2,4,0,1,1,0.8571428571428571,1,0.0,0.0,1.0,1.0,1.0
633,634,2,1,3,2,2,4,0,1,1,0.8571428571428571,1,0.0,0.0,1.0,1.0,1.0
634,635,2,1,3,2,2,4,0,1,1,0.8571428571428571,1,0.0,0.0,1.0,1.0,1.0
635,636,3,1,4,2,2,4,-1,1,0,1.0,1,0.0,1.0,1.0,0.5,0.6666666666666666
636,637,4,0,4,2,2,4,-2,2,0,1.0,0,0.0,2.0,,0.0,
637,638,3,0,4,2,2,4,-1,2,0,1.0,0,0.0,2.0,,0.0,
638,639,3,0,4,2,2,4,-1,2,0,1.0,0,0.0,2.0,,0.0,
639,640,3,0,4,2,2,4,-1,2,0,1.0,0,0.0,2.0,,0.0,
640,641,2,1,4,2,2,4,0,1,0,1.0,1,0.0,1.0,1.0,0.5,0.6666666666666666
641,642,3,0,3,2,2,4,-1,2,1,0.8571428571428571,0,0.0,1.0,,0.0,
642,643,3,0,3,2,2,4,-1,2,1,0.8571428571428571,0,0.0,1.0,,0.0,
643,644,3,0,3,2,2,4,-1,2,1,0.8571428571428571,0,0.0,1.0,,0.0,
644,645,3,0,3,2,2,4,-1,2,1,0.8571428571428571,0,0.0,1.0,,0.0,
645,646,4,0,4,2,2,4,-2,2,0,1.0,0,0.0,2.0,,0.0,
646,647,4,0,4,2,2,4,-2,2,0,1.0,0,0.0,2.0,,0.0,
647,648,3,1,4,2,2,4,-1,1,0,1.0,1,0.0,1.0,1.0,0.5,0.6666666666666666
648,649,4,0,4,2,2,4,-2,2,0,1.0,0,0.0,2.0,,0.0,
649,650,3,0,4,2,2,4,-1,2,0,1.0,0,0.0,2.0,,0.0,
650,651,2,1,4,2,2,4,0,1,0,1.0,1,0.0,1.0,1.0,0.5,0.6666666666666666
651,652,2,1,4,2,2,4,0,1,0,1.0,1,0.0,1.0,1.0,0.5,0.6666666666666666
652,653,4,0,4,2,2,4,-2,2,0,1.0,0,0.0,2.0,,0.0,
653,654,2,1,4,2,2,4,0,1,0,1.0,1,0.0,1.0,1.0,0.5,0.6666666666666666
654,655,4,1,5,2,2,4,-2,1,-1,1.0,1,0.0,0.0,1.0,1.0,1.0
655,656,1,4,5,2,2,4,1,-2,-1,1.0,2,0.0,0.0,1.0,1.0,1.0
656,657,4,1,5,2,2,4,-2,1,-1,1.0,1,0.0,0.0,1.0,1.0,1.0
657,658,4,1,5,2,2,4,-2,1,-1,1.0,1,0.0,0.0,1.0,1.0,1.0
658,659,3,2,5,2,2,4,-1,0,-1,1.0,2,0.0,0.0,1.0,1.0,1.0
659,660,4,1,5,2,2,4,-2,1,-1,1.0,1,0.0,0.0,1.0,1.0,1.0
660,661,4,1,5,2,2,4,-2,1,-1,1.0,1,0.0,0.0,1.0,1.0,1.0
661,662,3,1,4,2,2,4,-1,1,0,1.0,1,0.0,1.0,1.0,0.5,0.6666666666666666
662,663,3,1,4,2,2,4,-1,1,0,1.0,1,0.0,1.0,1.0,0.5,0.6666666666666666
663,664,2,1,3,2,2,4,0,1,1,0.8571428571428571,1,0.0,0.0,1.0,1.0,1.0
664,665,2,1,3,2,2,4,0,1,1,0.8571428571428571,1,0.0,0.0,1.0,1.0,1.0
665,666,2,1,3,2,2,4,0,1,1,0.8571428571428571,1,0.0,0.0,1.0,1.0,1.0
666,667,3,0,3,2,2,4,-1,2,1,0.8571428571428571,0,0.0,1.0,,0.0,
667,668,3,0,3,2,2,4,-1,2,1,0.8571428571428571,0,0.0,1.0,,0.0,
668,669,3,0,3,2,2,4,-1,2,1,0.8571428571428571,0,0.0,1.0,,0.0,
669,670,3,0,3,2,2,4,-1,2,1,0.8571428571428571,0,0.0,1.0,,0.0,
670,671,2,1,3,2,2,4,0,1,1,0.8571428571428571,1,0.0,0.0,1.0,1.0,1.0
671,672,2,1,3,2,2,4,0,1,1,0.8571428571428571,1,0.0,0.0,1.0,1.0,1.0
672,673,2,1,3,2,2,4,0,1,1,0.8571428571428571,1,0.0,0.0,1.0,1.0,1.0
673,674,2,1,3,2,2,4,0,1,1,0.8571428571428571,1,0.0,0.0,1.0,1.0,1.0
674,675,2,1,3,2,2,4,0,1,1,0.8571428571428571,1,0.0,0.0,1.0,1.0,1.0
675,676,2,1,3,2,2,4,0,1,1,0.8571428571428571,1,0.0,0.0,1.0,1.0,1.0
676,677,2,1,3,2,2,4,0,1,1,0.8571428571428571,1,0.0,0.0,1.0,1.0,1.0
677,678,3,1,4,2,2,4,-1,1,0,1.0,1,0.0,1.0,1.0,0.5,0.6666666666666666
678,679,3,1,4,2,2,4,-1,1,0,1.0,1,0.0,1.0,1.0,0.5,0.6666666666666666
679,680,4,0,4,2,2,4,-2,2,0,1.0,0,0.0,2.0,,0.0,
680,681,4,0,4,2,2,4,-2,2,0,1.0,0,0.0,2.0,,0.0,
681,682,3,1,4,2,2,4,-1,1,0,1.0,1,0.0,1.0,1.0,0.5,0.6666666666666666
682,683,2,2,4,2,2,4,0,0,0,1.0,2,0.0,0.0,1.0,1.0,1.0
683,684,2,1,3,2,2,4,0,1,1,0.8571428571428571,1,0.0,0.0,1.0,1.0,1.0
684,685,2,1,3,2,2,4,0,1,1,0.8571428571428571,1,0.0,0.0,1.0,1.0,1.0
685,686,2,1,3,2,3,5,0,2,2,0.7499999999999999,1,0.0,0.0,1.0,1.0,1.0
686,687,2,1,3,2,3,5,0,2,2,0.7499999999999999,1,0.0,0.0,1.0,1.0,1.0
687,688,3,0,3,2,3,5,-1,3,2,0.7499999999999999,0,0.0,1.0,,0.0,
688,689,2,0,2,2,3,5,0,3,3,0.5714285714285715,0,0.0,0.0,,,
689,690,2,1,3,2,3,5,0,2,2,0.7499999999999999,1,0.0,0.0,1.0,1.0,1.0
690,691,3,1,4,2,3,5,-1,2,1,0.888888888888889,1,0.0,1.0,1.0,0.5,0.6666666666666666
691,692,1,3,4,2,3,5,1,0,1,0.888888888888889,3,0.0,0.0,1.0,1.0,1.0
692,693,2,3,5,2,3,5,0,0,0,1.0,3,0.0,0.0,1.0,1.0,1.0
693,694,2,3,5,2,3,5,0,0,0,1.0,3,0.0,0.0,1.0,1.0,1.0
694,695,3,2,5,2,3,5,-1,1,0,1.0,2,0.0,1.0,1.0,0.6666666666666666,0.8
695,696,5,0,5,2,3,5,-3,3,0,1.0,0,0.0,3.0,,0.0,
696,697,4,1,5,2,3,5,-2,2,0,1.0,1,0.0,2.0,1.0,0.3333333333333333,0.5
697,698,4,1,5,2,3,5,-2,2,0,1.0,1,0.0,2.0,1.0,0.3333333333333333,0.5
698,699,4,1,5,2,3,5,-2,2,0,1.0,1,0.0,2.0,1.0,0.3333333333333333,0.5
699,700,5,0,5,2,3,5,-3,3,0,1.0,0,0.0,3.0,,0.0,
700,701,4,1,5,2,3,5,-2,2,0,1.0,1,0.0,2.0,1.0,0.3333333333333333,0.5
701,702,3,2,5,2,3,5,-1,1,0,1.0,2,0.0,1.0,1.0,0.6666666666666666,0.8
702,703,4,1,5,2,3,5,-2,2,0,1.0,1,0.0,2.0,1.0,0.3333333333333333,0.5
703,704,4,1,5,2,3,5,-2,2,0,1.0,1,0.0,2.0,1.0,0.3333333333333333,0.5
704,705,3,2,5,2,3,5,-1,1,0,1.0,2,0.0,1.0,1.0,0.6666666666666666,0.8
705,706,4,1,5,2,3,5,-2,2,0,1.0,1,0.0,2.0,1.0,0.3333333333333333,0.5
706,707,3,2,5,2,3,5,-1,1,0,1.0,2,0.0,1.0,1.0,0.6666666666666666,0.8
707,708,4,1,5,2,3,5,-2,2,0,1.0,1,0.0,2.0,1.0,0.3333333333333333,0.5
708,709,5,0,5,2,3,5,-3,3,0,1.0,0,0.0,3.0,,0.0,
709,710,3,1,4,2,3,5,-1,2,1,0.888888888888889,1,0.0,1.0,1.0,0.5,0.6666666666666666
710,711,3,1,4,2,2,4,-1,1,0,1.0,1,0.0,1.0,1.0,0.5,0.6666666666666666
711,712,3,2,5,2,2,4,-1,0,-1,1.0,2,0.0,0.0,1.0,1.0,1.0
712,713,3,2,5,2,2,4,-1,0,-1,1.0,2,0.0,0.0,1.0,1.0,1.0
713,714,4,1,5,2,2,4,-2,1,-1,1.0,1,0.0,0.0,1.0,1.0,1.0
714,715,3,1,4,2,2,4,-1,1,0,1.0,1,0.0,1.0,1.0,0.5,0.6666666666666666
715,716,2,2,4,2,2,4,0,0,0,1.0,2,0.0,0.0,1.0,1.0,1.0
716,717,3,1,4,2,2,4,-1,1,0,1.0,1,0.0,1.0,1.0,0.5,0.6666666666666666
717,718,3,1,4,2,2,4,-1,1,0,1.0,1,0.0,1.0,1.0,0.5,0.6666666666666666
718,719,2,1,4,2,2,4,0,1,0,1.0,1,0.0,1.0,1.0,0.5,0.6666666666666666
719,720,3,1,4,2,2,4,-1,1,0,1.0,1,0.0,1.0,1.0,0.5,0.6666666666666666
720,721,2,1,4,2,2,4,0,1,0,1.0,1,0.0,1.0,1.0,0.5,0.6666666666666666
721,722,3,1,4,2,2,4,-1,1,0,1.0,1,0.0,1.0,1.0,0.5,0.6666666666666666
722,723,4,0,4,2,2,4,-2,2,0,1.0,0,0.0,2.0,,0.0,
723,724,4,0,4,2,2,4,-2,2,0,1.0,0,0.0,2.0,,0.0,
724,725,4,0,4,2,2,4,-2,2,0,1.0,0,0.0,2.0,,0.0,
725,726,2,1,4,2,2,4,0,1,0,1.0,1,0.0,1.0,1.0,0.5,0.6666666666666666
726,727,4,0,4,2,2,4,-2,2,0,1.0,0,0.0,2.0,,0.0,
727,728,4,0,4,2,2,4,-2,2,0,1.0,0,0.0,2.0,,0.0,
728,729,4,0,4,2,2,4,-2,2,0,1.0,0,0.0,2.0,,0.0,
729,730,4,0,4,2,2,4,-2,2,0,1.0,0,0.0,2.0,,0.0,
730,731,3,1,4,2,2,4,-1,1,0,1.0,1,0.0,1.0,1.0,0.5,0.6666666666666666
731,732,3,0,3,2,2,4,-1,2,1,0.8571428571428571,0,0.0,1.0,,0.0,
732,733,2,1,3,2,2,4,0,1,1,0.8571428571428571,1,0.0,0.0,1.0,1.0,1.0
733,734,3,0,3,2,2,4,-1,2,1,0.8571428571428571,0,0.0,1.0,,0.0,
734,735,2,1,3,2,2,4,0,1,1,0.8571428571428571,1,0.0,0.0,1.0,1.0,1.0
735,736,1,2,3,2,2,4,1,0,1,0.8571428571428571,2,0.0,0.0,1.0,1.0,1.0
736,737,2,1,3,2,2,4,0,1,1,0.8571428571428571,1,0.0,0.0,1.0,1.0,1.0
737,738,3,0,3,2,2,4,-1,2,1,0.8571428571428571,0,0.0,1.0,,0.0,
738,739,2,2,4,2,2,4,0,0,0,1.0,2,0.0,0.0,1.0,1.0,1.0
739,740,2,1,3,2,2,4,0,1,1,0.8571428571428571,1,0.0,0.0,1.0,1.0,1.0
740,741,2,1,3,2,2,4,0,1,1,0.8571428571428571,1,0.0,0.0,1.0,1.0,1.0
741,742,1,2,3,2,2,4,1,0,1,0.8571428571428571,2,0.0,0.0,1.0,1.0,1.0
742,743,2,2,4,2,2,4,0,0,0,1.0,2,0.0,0.0,1.0,1.0,1.0
743,744,2,1,3,2,2,4,0,1,1,0.8571428571428571,1,0.0,0.0,1.0,1.0,1.0
744,745,2,1,3,2,2,4,0,1,1,0.8571428571428571,1,0.0,0.0,1.0,1.0,1.0
745,746,2,1,3,2,2,4,0,1,1,0.8571428571428571,1,0.0,0.0,1.0,1.0,1.0
746,747,2,1,3,2,2,4,0,1,1,0.8571428571428571,1,0.0,0.0,1.0,1.0,1.0
747,748,2,1,3,2,2,4,0,1,1,0.8571428571428571,1,0.0,0.0,1.0,1.0,1.0
748,749,2,1,3,2,2,4,0,1,1,0.8571428571428571,1,0.0,0.0,1.0,1.0,1.0
749,750,2,1,3,2,2,4,0,1,1,0.8571428571428571,1,0.0,0.0,1.0,1.0,1.0
750,751,2,2,4,2,2,4,0,0,0,1.0,2,0.0,0.0,1.0,1.0,1.0
751,752,2,2,4,2,2,4,0,0,0,1.0,2,0.0,0.0,1.0,1.0,1.0
752,753,2,2,4,2,2,4,0,0,0,1.0,2,0.0,0.0,1.0,1.0,1.0
753,754,2,1,3,2,2,4,0,1,1,0.8571428571428571,1,0.0,0.0,1.0,1.0,1.0
754,755,2,1,3,2,2,4,0,1,1,0.8571428571428571,1,0.0,0.0,1.0,1.0,1.0
755,756,2,1,3,2,2,4,0,1,1,0.8571428571428571,1,0.0,0.0,1.0,1.0,1.0
756,757,2,1,3,2,2,4,0,1,1,0.8571428571428571,1,0.0,0.0,1.0,1.0,1.0
757,758,1,2,3,2,2,4,1,0,1,0.8571428571428571,2,0.0,0.0,1.0,1.0,1.0
758,759,1,2,3,2,2,4,1,0,1,0.8571428571428571,2,0.0,0.0,1.0,1.0,1.0
759,760,3,0,3,2,2,4,-1,2,1,0.8571428571428571,0,0.0,1.0,,0.0,
760,761,2,2,4,2,2,4,0,0,0,1.0,2,0.0,0.0,1.0,1.0,1.0
761,762,2,2,4,2,2,4,0,0,0,1.0,2,0.0,0.0,1.0,1.0,1.0
762,763,2,1,3,2,2,4,0,1,1,0.8571428571428571,1,0.0,0.0,1.0,1.0,1.0
763,764,2,1,3,2,2,4,0,1,1,0.8571428571428571,1,0.0,0.0,1.0,1.0,1.0
764,765,2,1,3,1,2,3,-1,1,0,1.0,1,0.0,1.0,1.0,0.5,0.6666666666666666
765,766,2,1,3,1,2,3,-1,1,0,1.0,1,0.0,1.0,1.0,0.5,0.6666666666666666
766,767,2,1,3,1,2,3,-1,1,0,1.0,1,0.0,1.0,1.0,0.5,0.6666666666666666
767,768,1,1,2,1,2,3,0,1,1,0.8,1,0.0,0.0,1.0,1.0,1.0
768,769,1,1,2,1,2,3,0,1,1,0.8,1,0.0,0.0,1.0,1.0,1.0
769,770,1,1,2,1,2,3,0,1,1,0.8,1,0.0,0.0,1.0,1.0,1.0
770,771,1,1,2,1,2,3,0,1,1,0.8,1,0.0,0.0,1.0,1.0,1.0
771,772,1,1,2,1,2,3,0,1,1,0.8,1,0.0,0.0,1.0,1.0,1.0
772,773,2,1,3,1,2,3,-1,1,0,1.0,1,0.0,1.0,1.0,0.5,0.6666666666666666
773,774,2,1,3,1,2,3,-1,1,0,1.0,1,0.0,1.0,1.0,0.5,0.6666666666666666
774,775,1,1,2,1,2,3,0,1,1,0.8,1,0.0,0.0,1.0,1.0,1.0
775,776,1,1,2,1,2,3,0,1,1,0.8,1,0.0,0.0,1.0,1.0,1.0
776,777,1,1,2,1,2,3,0,1,1,0.8,1,0.0,0.0,1.0,1.0,1.0
777,778,2,1,3,1,2,3,-1,1,0,1.0,1,0.0,1.0,1.0,0.5,0.6666666666666666
778,779,1,1,2,1,2,3,0,1,1,0.8,1,0.0,0.0,1.0,1.0,1.0
779,780,1,1,2,2,2,4,1,1,2,0.6666666666666666,1,-1.0,-1.0,inf,inf,
780,781,1,2,3,2,2,4,1,0,1,0.8571428571428571,2,0.0,0.0,1.0,1.0,1.0
781,782,3,1,4,2,2,4,-1,1,0,1.0,1,0.0,1.0,1.0,0.5,0.6666666666666666
782,783,2,1,4,2,2,4,0,1,0,1.0,1,0.0,1.0,1.0,0.5,0.6666666666666666
783,784,2,1,3,2,2,4,0,1,1,0.8571428571428571,1,0.0,0.0,1.0,1.0,1.0
784,785,2,2,4,2,2,4,0,0,0,1.0,2,0.0,0.0,1.0,1.0,1.0
785,786,2,1,3,2,2,4,0,1,1,0.8571428571428571,1,0.0,0.0,1.0,1.0,1.0
786,787,1,1,3,2,2,4,1,1,1,0.8571428571428571,1,0.0,0.0,1.0,1.0,1.0
787,788,2,1,3,2,2,4,0,1,1,0.8571428571428571,1,0.0,0.0,1.0,1.0,1.0
788,789,1,2,3,2,2,4,1,0,1,0.8571428571428571,2,0.0,0.0,1.0,1.0,1.0
789,790,2,1,3,2,2,4,0,1,1,0.8571428571428571,1,0.0,0.0,1.0,1.0,1.0
790,791,2,1,3,2,2,4,0,1,1,0.8571428571428571,1,0.0,0.0,1.0,1.0,1.0
791,792,2,1,3,2,2,4,0,1,1,0.8571428571428571,1,0.0,0.0,1.0,1.0,1.0
792,793,2,1,3,2,2,4,0,1,1,0.8571428571428571,1,0.0,0.0,1.0,1.0,1.0
793,794,2,1,3,2,2,4,0,1,1,0.8571428571428571,1,0.0,0.0,1.0,1.0,1.0
794,795,2,1,3,2,2,4,0,1,1,0.8571428571428571,1,0.0,0.0,1.0,1.0,1.0
795,796,2,2,4,2,2,4,0,0,0,1.0,2,0.0,0.0,1.0,1.0,1.0
796,797,2,1,3,2,2,4,0,1,1,0.8571428571428571,1,0.0,0.0,1.0,1.0,1.0
797,798,0,2,3,2,2,4,2,0,1,0.8571428571428571,2,1.0,0.0,0.6666666666666666,1.0,0.8
798,799,0,2,3,2,2,4,2,0,1,0.8571428571428571,2,1.0,0.0,0.6666666666666666,1.0,0.8
799,800,2,1,4,2,2,4,0,1,0,1.0,1,0.0,1.0,1.0,0.5,0.6666666666666666
800,801,2,1,4,2,2,4,0,1,0,1.0,1,0.0,1.0,1.0,0.5,0.6666666666666666
801,802,2,2,4,2,2,4,0,0,0,1.0,2,0.0,0.0,1.0,1.0,1.0
802,803,1,1,3,2,2,4,1,1,1,0.8571428571428571,1,0.0,0.0,1.0,1.0,1.0
803,804,1,2,3,2,2,4,1,0,1,0.8571428571428571,2,0.0,0.0,1.0,1.0,1.0
804,805,1,2,3,2,2,4,1,0,1,0.8571428571428571,2,0.0,0.0,1.0,1.0,1.0
805,806,2,1,3,2,2,4,0,1,1,0.8571428571428571,1,0.0,0.0,1.0,1.0,1.0
806,807,1,1,3,2,2,4,1,1,1,0.8571428571428571,1,0.0,0.0,1.0,1.0,1.0
807,808,1,1,2,2,2,4,1,1,2,0.6666666666666666,1,-1.0,-1.0,inf,inf,
808,809,1,1,2,2,2,4,1,1,2,0.6666666666666666,1,-1.0,-1.0,inf,inf,
809,810,1,1,2,2,2,4,1,1,2,0.6666666666666666,1,-1.0,-1.0,inf,inf,
810,811,2,1,3,2,2,4,0,1,1,0.8571428571428571,1,0.0,0.0,1.0,1.0,1.0
811,812,2,1,3,2,2,4,0,1,1,0.8571428571428571,1,0.0,0.0,1.0,1.0,1.0
812,813,2,1,3,2,2,4,0,1,1,0.8571428571428571,1,0.0,0.0,1.0,1.0,1.0
813,814,1,1,2,2,2,4,1,1,2,0.6666666666666666,1,-1.0,-1.0,inf,inf,
814,815,2,1,3,2,2,4,0,1,1,0.8571428571428571,1,0.0,0.0,1.0,1.0,1.0
815,816,2,1,3,2,2,4,0,1,1,0.8571428571428571,1,0.0,0.0,1.0,1.0,1.0
816,817,2,1,3,2,2,4,0,1,1,0.8571428571428571,1,0.0,0.0,1.0,1.0,1.0
817,818,1,1,2,2,2,4,1,1,2,0.6666666666666666,1,-1.0,-1.0,inf,inf,
818,819,1,1,2,2,2,4,1,1,2,0.6666666666666666,1,-1.0,-1.0,inf,inf,
819,820,1,2,3,2,2,4,1,0,1,0.8571428571428571,2,0.0,0.0,1.0,1.0,1.0
820,821,2,1,3,2,2,4,0,1,1,0.8571428571428571,1,0.0,0.0,1.0,1.0,1.0
821,822,2,1,3,2,2,4,0,1,1,0.8571428571428571,1,0.0,0.0,1.0,1.0,1.0
822,823,2,1,3,2,2,4,0,1,1,0.8571428571428571,1,0.0,0.0,1.0,1.0,1.0
823,824,1,1,2,2,2,4,1,1,2,0.6666666666666666,1,-1.0,-1.0,inf,inf,
824,825,2,1,3,2,2,4,0,1,1,0.8571428571428571,1,0.0,0.0,1.0,1.0,1.0
825,826,3,1,4,2,2,4,-1,1,0,1.0,1,0.0,1.0,1.0,0.5,0.6666666666666666
826,827,2,1,3,2,2,4,0,1,1,0.8571428571428571,1,0.0,0.0,1.0,1.0,1.0
827,828,2,2,4,2,2,4,0,0,0,1.0,2,0.0,0.0,1.0,1.0,1.0
828,829,2,1,3,2,2,4,0,1,1,0.8571428571428571,1,0.0,0.0,1.0,1.0,1.0
829,830,3,1,4,2,2,4,-1,1,0,1.0,1,0.0,1.0,1.0,0.5,0.6666666666666666
830,831,3,1,4,2,2,4,-1,1,0,1.0,1,0.0,1.0,1.0,0.5,0.6666666666666666
831,832,2,1,3,2,2,4,0,1,1,0.8571428571428571,1,0.0,0.0,1.0,1.0,1.0
832,833,3,1,4,2,2,4,-1,1,0,1.0,1,0.0,1.0,1.0,0.5,0.6666666666666666
833,834,2,2,4,2,2,4,0,0,0,1.0,2,0.0,0.0,1.0,1.0,1.0
834,835,3,1,4,2,2,4,-1,1,0,1.0,1,0.0,1.0,1.0,0.5,0.6666666666666666
835,836,2,3,5,2,2,4,0,-1,-1,1.0,2,0.0,0.0,1.0,1.0,1.0
836,837,2,3,5,2,2,4,0,-1,-1,1.0,2,0.0,0.0,1.0,1.0,1.0
837,838,2,2,4,2,2,4,0,0,0,1.0,2,0.0,0.0,1.0,1.0,1.0
838,839,3,1,4,2,2,4,-1,1,0,1.0,1,0.0,1.0,1.0,0.5,0.6666666666666666
839,840,2,2,4,2,2,4,0,0,0,1.0,2,0.0,0.0,1.0,1.0,1.0
840,841,3,1,4,2,2,4,-1,1,0,1.0,1,0.0,1.0,1.0,0.5,0.6666666666666666
841,842,1,3,4,2,2,4,1,-1,0,1.0,2,1.0,0.0,0.6666666666666666,1.0,0.8
842,843,2,2,4,2,2,4,0,0,0,1.0,2,0.0,0.0,1.0,1.0,1.0
843,844,2,1,3,2,2,4,0,1,1,0.8571428571428571,1,0.0,0.0,1.0,1.0,1.0
844,845,2,2,4,2,2,4,0,0,0,1.0,2,0.0,0.0,1.0,1.0,1.0
845,846,4,0,4,2,2,4,-2,2,0,1.0,0,0.0,2.0,,0.0,
846,847,3,1,4,2,2,4,-1,1,0,1.0,1,0.0,1.0,1.0,0.5,0.6666666666666666
847,848,3,1,4,2,2,4,-1,1,0,1.0,1,0.0,1.0,1.0,0.5,0.6666666666666666
848,849,3,1,4,2,2,4,-1,1,0,1.0,1,0.0,1.0,1.0,0.5,0.6666666666666666
849,850,3,1,4,2,2,4,-1,1,0,1.0,1,0.0,1.0,1.0,0.5,0.6666666666666666
850,851,3,1,4,2,2,4,-1,1,0,1.0,1,0.0,1.0,1.0,0.5,0.6666666666666666
851,852,3,1,4,2,2,4,-1,1,0,1.0,1,0.0,1.0,1.0,0.5,0.6666666666666666
852,853,3,1,4,2,2,4,-1,1,0,1.0,1,0.0,1.0,1.0,0.5,0.6666666666666666
853,854,3,1,4,2,2,4,-1,1,0,1.0,1,0.0,1.0,1.0,0.5,0.6666666666666666
854,855,3,1,4,2,2,4,-1,1,0,1.0,1,0.0,1.0,1.0,0.5,0.6666666666666666
855,856,3,1,4,2,2,4,-1,1,0,1.0,1,0.0,1.0,1.0,0.5,0.6666666666666666
856,857,2,2,4,2,2,4,0,0,0,1.0,2,0.0,0.0,1.0,1.0,1.0
857,858,3,1,4,2,2,4,-1,1,0,1.0,1,0.0,1.0,1.0,0.5,0.6666666666666666
858,859,1,2,3,2,2,4,1,0,1,0.8571428571428571,2,0.0,0.0,1.0,1.0,1.0
859,860,1,2,3,2,2,4,1,0,1,0.8571428571428571,2,0.0,0.0,1.0,1.0,1.0
860,861,1,2,3,2,2,4,1,0,1,0.8571428571428571,2,0.0,0.0,1.0,1.0,1.0
861,862,2,1,3,2,2,4,0,1,1,0.8571428571428571,1,0.0,0.0,1.0,1.0,1.0
862,863,1,2,3,2,2,4,1,0,1,0.8571428571428571,2,0.0,0.0,1.0,1.0,1.0
863,864,2,1,3,2,2,4,0,1,1,0.8571428571428571,1,0.0,0.0,1.0,1.0,1.0
864,865,2,1,3,2,2,4,0,1,1,0.8571428571428571,1,0.0,0.0,1.0,1.0,1.0
865,866,3,1,4,2,2,4,-1,1,0,1.0,1,0.0,1.0,1.0,0.5,0.6666666666666666
866,867,3,1,4,2,2,4,-1,1,0,1.0,1,0.0,1.0,1.0,0.5,0.6666666666666666
867,868,3,1,4,2,2,4,-1,1,0,1.0,1,0.0,1.0,1.0,0.5,0.6666666666666666
868,869,2,1,3,2,2,4,0,1,1,0.8571428571428571,1,0.0,0.0,1.0,1.0,1.0
869,870,3,1,4,2,2,4,-1,1,0,1.0,1,0.0,1.0,1.0,0.5,0.6666666666666666
870,871,2,2,4,2,2,4,0,0,0,1.0,2,0.0,0.0,1.0,1.0,1.0
871,872,2,1,3,2,2,4,0,1,1,0.8571428571428571,1,0.0,0.0,1.0,1.0,1.0
872,873,2,1,3,2,2,4,0,1,1,0.8571428571428571,1,0.0,0.0,1.0,1.0,1.0
873,874,3,1,4,2,2,4,-1,1,0,1.0,1,0.0,1.0,1.0,0.5,0.6666666666666666
874,875,2,1,3,2,2,4,0,1,1,0.8571428571428571,1,0.0,0.0,1.0,1.0,1.0
875,876,2,1,3,2,2,4,0,1,1,0.8571428571428571,1,0.0,0.0,1.0,1.0,1.0
876,877,1,2,3,2,2,4,1,0,1,0.8571428571428571,2,0.0,0.0,1.0,1.0,1.0
877,878,0,2,3,2,2,4,2,0,1,0.8571428571428571,2,1.0,0.0,0.6666666666666666,1.0,0.8
878,879,1,2,3,2,2,4,1,0,1,0.8571428571428571,2,0.0,0.0,1.0,1.0,1.0
879,880,1,1,3,2,2,4,1,1,1,0.8571428571428571,1,0.0,0.0,1.0,1.0,1.0
880,881,2,1,3,2,2,4,0,1,1,0.8571428571428571,1,0.0,0.0,1.0,1.0,1.0
881,882,1,2,3,2,2,4,1,0,1,0.8571428571428571,2,0.0,0.0,1.0,1.0,1.0
882,883,0,2,3,2,2,4,2,0,1,0.8571428571428571,2,1.0,0.0,0.6666666666666666,1.0,0.8
883,884,0,2,3,2,2,4,2,0,1,0.8571428571428571,2,1.0,0.0,0.6666666666666666,1.0,0.8
884,885,0,2,3,2,2,4,2,0,1,0.8571428571428571,2,1.0,0.0,0.6666666666666666,1.0,0.8
885,886,1,2,3,2,2,4,1,0,1,0.8571428571428571,2,0.0,0.0,1.0,1.0,1.0
886,887,1,2,3,2,2,4,1,0,1,0.8571428571428571,2,0.0,0.0,1.0,1.0,1.0
887,888,2,1,3,2,2,4,0,1,1,0.8571428571428571,1,0.0,0.0,1.0,1.0,1.0
888,889,2,1,3,2,2,4,0,1,1,0.8571428571428571,1,0.0,0.0,1.0,1.0,1.0
889,890,1,2,3,2,2,4,1,0,1,0.8571428571428571,2,0.0,0.0,1.0,1.0,1.0
890,891,1,2,3,2,2,4,1,0,1,0.8571428571428571,2,0.0,0.0,1.0,1.0,1.0
891,892,2,1,3,2,2,4,0,1,1,0.8571428571428571,1,0.0,0.0,1.0,1.0,1.0
892,893,2,1,3,2,2,4,0,1,1,0.8571428571428571,1,0.0,0.0,1.0,1.0,1.0
893,894,2,0,3,2,2,4,0,2,1,0.8571428571428571,0,0.0,1.0,,0.0,
894,895,1,1,3,2,2,4,1,1,1,0.8571428571428571,1,0.0,0.0,1.0,1.0,1.0
895,896,1,1,3,2,2,4,1,1,1,0.8571428571428571,1,0.0,0.0,1.0,1.0,1.0
896,897,0,2,3,2,2,4,2,0,1,0.8571428571428571,2,1.0,0.0,0.6666666666666666,1.0,0.8
897,898,2,1,3,2,2,4,0,1,1,0.8571428571428571,1,0.0,0.0,1.0,1.0,1.0
898,899,1,1,3,2,2,4,1,1,1,0.8571428571428571,1,0.0,0.0,1.0,1.0,1.0
899,900,2,0,3,2,2,4,0,2,1,0.8571428571428571,0,0.0,1.0,,0.0,
